edge_id,prompt,response,answer,gt_answer
A0B0,"You must use the training DB to infer the answer for this UNSEEN scenario.
This specific edge removal simulation does NOT exist in the DB - you must reason from similar cases.

DB Schema:
- simulations (simulation_id, created_at, vehicle_count, net_file, route_file, description)
- trips (simulation_id, trip_id, duration, routeLength, waitingTime, timeLoss, depart, arrival, ...)
- edge_metrics (simulation_id, edge_id, interval_begin, interval_end, speed, density, waitingTime, timeLoss, ...)

Key columns:
- simulations.description: ""A0A1 edge removed"" format (identifies which edge was removed in each simulation)
- edge_metrics.density: road density (higher = more congested)
- edge_metrics.edge_id: edge ID (e.g., A0A1, B2C2)

SQL queries must start with SELECT. Do NOT use WITH clauses (CTEs) - rewrite them as subqueries instead.

Output format (exactly 2 lines):
1. ANSWER: <your answer>
2. REASONING: <2 sentences explaining your reasoning>

Search Strategy: NEIGHBOR (adjacent edges only)

Adjacent edges share a node with the target edge.
Example: For C3C4, adjacent edges are C2C3, C4C5 (vertical) and C3D3, C4D4, B3C3, B4C4 (horizontal).

Query adjacent edge removal scenarios from the training DB to infer patterns.

If the A0B0 edge is removed from the 11x11 grid network, which column (A-K) or row (0-10) contains the edge with the largest density INCREASE compared to baseline?

Use the training DB to find similar scenarios. Answer with only one letter (A-K) or number (0-10).","Great! C1B1 has a +0.17 increase when A1B1 is removed. This edge is in row 1 and column C. 

So the pattern suggests: When a vertical edge AxBx is removed (connecting columns A and B), the edge with the largest density increase is likely in column C (the next column over), in the same or nearby row.

For A0B0 removal, I would expect column C to show the highest density increase.

ANSWER: C

REASONING: Analysis of similar vertical edge removals in the training data shows that when vertical edges connecting columns A and B are removed (like A1B1), the largest density increases occur in column C. When A1B1 was removed, edge C1B1 showed a +0.17 increase, the second highest overall, suggesting column C experiences significant rerouting effects for this type of edge removal.",C,9
A2A3,"You must use the training DB to infer the answer for this UNSEEN scenario.
This specific edge removal simulation does NOT exist in the DB - you must reason from similar cases.

DB Schema:
- simulations (simulation_id, created_at, vehicle_count, net_file, route_file, description)
- trips (simulation_id, trip_id, duration, routeLength, waitingTime, timeLoss, depart, arrival, ...)
- edge_metrics (simulation_id, edge_id, interval_begin, interval_end, speed, density, waitingTime, timeLoss, ...)

Key columns:
- simulations.description: ""A0A1 edge removed"" format (identifies which edge was removed in each simulation)
- edge_metrics.density: road density (higher = more congested)
- edge_metrics.edge_id: edge ID (e.g., A0A1, B2C2)

SQL queries must start with SELECT. Do NOT use WITH clauses (CTEs) - rewrite them as subqueries instead.

Output format (exactly 2 lines):
1. ANSWER: <your answer>
2. REASONING: <2 sentences explaining your reasoning>

Search Strategy: NEIGHBOR (adjacent edges only)

Adjacent edges share a node with the target edge.
Example: For C3C4, adjacent edges are C2C3, C4C5 (vertical) and C3D3, C4D4, B3C3, B4C4 (horizontal).

Query adjacent edge removal scenarios from the training DB to infer patterns.

If the A2A3 edge is removed from the 11x11 grid network, which column (A-K) or row (0-10) contains the edge with the largest density INCREASE compared to baseline?

Use the training DB to find similar scenarios. Answer with only one letter (A-K) or number (0-10).","ANSWER: B

REASONING: Analysis of similar vertical edge removals in column A shows that when A3A4 is removed, the parallel edge B3B4 in adjacent column B has the largest density increase (0.30), with column B showing the highest aggregate increase. Since A2A3 is also a vertical edge in column A, the same pattern indicates column B will contain the edge with the largest density increase.",B,A
A4B4,"You must use the training DB to infer the answer for this UNSEEN scenario.
This specific edge removal simulation does NOT exist in the DB - you must reason from similar cases.

DB Schema:
- simulations (simulation_id, created_at, vehicle_count, net_file, route_file, description)
- trips (simulation_id, trip_id, duration, routeLength, waitingTime, timeLoss, depart, arrival, ...)
- edge_metrics (simulation_id, edge_id, interval_begin, interval_end, speed, density, waitingTime, timeLoss, ...)

Key columns:
- simulations.description: ""A0A1 edge removed"" format (identifies which edge was removed in each simulation)
- edge_metrics.density: road density (higher = more congested)
- edge_metrics.edge_id: edge ID (e.g., A0A1, B2C2)

SQL queries must start with SELECT. Do NOT use WITH clauses (CTEs) - rewrite them as subqueries instead.

Output format (exactly 2 lines):
1. ANSWER: <your answer>
2. REASONING: <2 sentences explaining your reasoning>

Search Strategy: NEIGHBOR (adjacent edges only)

Adjacent edges share a node with the target edge.
Example: For C3C4, adjacent edges are C2C3, C4C5 (vertical) and C3D3, C4D4, B3C3, B4C4 (horizontal).

Query adjacent edge removal scenarios from the training DB to infer patterns.

If the A4B4 edge is removed from the 11x11 grid network, which column (A-K) or row (0-10) contains the edge with the largest density INCREASE compared to baseline?

Use the training DB to find similar scenarios. Answer with only one letter (A-K) or number (0-10).","Let me sum up the density increases for column C:

Column C vertical edges total increase: 0.174 + 0.168 + 0.164 + 0.136 + 0.114 + 0.100 + 0.072 + 0.068 + 0.038 + 0.024 = 1.058

Row 4 horizontal edges total increase: 0.135 + 0.100 + 0.094 + 0.062 + 0.034 + 0.020 + 0.008 + 0.000 + 0.000 - 0.006 = 0.447

Column C has a much larger total density increase (1.058) compared to row 4 (0.447).

ANSWER: C

REASONING: When adjacent edges to A4B4 are removed (A3A4, A4A5, B3B4, B4B5, B4C4), column C experiences the largest density increases, with vertical edges C3C4, C4C5, C5C6, and C6C7 all showing increases of 0.136-0.174. The total density increase in column C (1.058) far exceeds that of row 4 (0.447) or any other column.",C,4
B1B2,"You must use the training DB to infer the answer for this UNSEEN scenario.
This specific edge removal simulation does NOT exist in the DB - you must reason from similar cases.

DB Schema:
- simulations (simulation_id, created_at, vehicle_count, net_file, route_file, description)
- trips (simulation_id, trip_id, duration, routeLength, waitingTime, timeLoss, depart, arrival, ...)
- edge_metrics (simulation_id, edge_id, interval_begin, interval_end, speed, density, waitingTime, timeLoss, ...)

Key columns:
- simulations.description: ""A0A1 edge removed"" format (identifies which edge was removed in each simulation)
- edge_metrics.density: road density (higher = more congested)
- edge_metrics.edge_id: edge ID (e.g., A0A1, B2C2)

SQL queries must start with SELECT. Do NOT use WITH clauses (CTEs) - rewrite them as subqueries instead.

Output format (exactly 2 lines):
1. ANSWER: <your answer>
2. REASONING: <2 sentences explaining your reasoning>

Search Strategy: NEIGHBOR (adjacent edges only)

Adjacent edges share a node with the target edge.
Example: For C3C4, adjacent edges are C2C3, C4C5 (vertical) and C3D3, C4D4, B3C3, B4C4 (horizontal).

Query adjacent edge removal scenarios from the training DB to infer patterns.

If the B1B2 edge is removed from the 11x11 grid network, which column (A-K) or row (0-10) contains the edge with the largest density INCREASE compared to baseline?

Use the training DB to find similar scenarios. Answer with only one letter (A-K) or number (0-10).","Perfect! The pattern is clear:
- When B2B3 is removed (vertical edge south of B2), column C gets a huge density increase (2.24)
- When B0B1 is removed (vertical edge north of B1), column C gets 0.78 increase
- When B2C2 is removed (horizontal edge from B2 to C2), column C still gets 0.61 increase
- When B1C1 is removed (horizontal edge from B1 to C1), column C gets 0.37 increase

All these adjacent edge removals show that column C absorbs the rerouted traffic. When B1B2 itself is removed, the same pattern should apply - traffic will reroute to column C.

ANSWER: C

REASONING: Analysis of adjacent edge removal scenarios (B0B1, B2B3, A1B1, B1C1, A2B2, B2C2) shows column C consistently experiences the largest density increases, with total density increase of 4.07 across all scenarios. When B1B2 is removed, traffic will similarly reroute to the parallel column C edges, making it the column with the largest density increase.",C,C
B6B7,"You must use the training DB to infer the answer for this UNSEEN scenario.
This specific edge removal simulation does NOT exist in the DB - you must reason from similar cases.

DB Schema:
- simulations (simulation_id, created_at, vehicle_count, net_file, route_file, description)
- trips (simulation_id, trip_id, duration, routeLength, waitingTime, timeLoss, depart, arrival, ...)
- edge_metrics (simulation_id, edge_id, interval_begin, interval_end, speed, density, waitingTime, timeLoss, ...)

Key columns:
- simulations.description: ""A0A1 edge removed"" format (identifies which edge was removed in each simulation)
- edge_metrics.density: road density (higher = more congested)
- edge_metrics.edge_id: edge ID (e.g., A0A1, B2C2)

SQL queries must start with SELECT. Do NOT use WITH clauses (CTEs) - rewrite them as subqueries instead.

Output format (exactly 2 lines):
1. ANSWER: <your answer>
2. REASONING: <2 sentences explaining your reasoning>

Search Strategy: NEIGHBOR (adjacent edges only)

Adjacent edges share a node with the target edge.
Example: For C3C4, adjacent edges are C2C3, C4C5 (vertical) and C3D3, C4D4, B3C3, B4C4 (horizontal).

Query adjacent edge removal scenarios from the training DB to infer patterns.

If the B6B7 edge is removed from the 11x11 grid network, which column (A-K) or row (0-10) contains the edge with the largest density INCREASE compared to baseline?

Use the training DB to find similar scenarios. Answer with only one letter (A-K) or number (0-10).","ANSWER: C

REASONING: Analysis of adjacent edge removals (B5B6, B7B8, B7C7) shows Column C consistently experiences the largest density increases (+2.94 to +3.47) when edges near B6B7 are removed. When B6B7 itself is removed, traffic will similarly reroute to Column C as the primary alternative vertical corridor.",C,C
B6C6,"You must use the training DB to infer the answer for this UNSEEN scenario.
This specific edge removal simulation does NOT exist in the DB - you must reason from similar cases.

DB Schema:
- simulations (simulation_id, created_at, vehicle_count, net_file, route_file, description)
- trips (simulation_id, trip_id, duration, routeLength, waitingTime, timeLoss, depart, arrival, ...)
- edge_metrics (simulation_id, edge_id, interval_begin, interval_end, speed, density, waitingTime, timeLoss, ...)

Key columns:
- simulations.description: ""A0A1 edge removed"" format (identifies which edge was removed in each simulation)
- edge_metrics.density: road density (higher = more congested)
- edge_metrics.edge_id: edge ID (e.g., A0A1, B2C2)

SQL queries must start with SELECT. Do NOT use WITH clauses (CTEs) - rewrite them as subqueries instead.

Output format (exactly 2 lines):
1. ANSWER: <your answer>
2. REASONING: <2 sentences explaining your reasoning>

Search Strategy: NEIGHBOR (adjacent edges only)

Adjacent edges share a node with the target edge.
Example: For C3C4, adjacent edges are C2C3, C4C5 (vertical) and C3D3, C4D4, B3C3, B4C4 (horizontal).

Query adjacent edge removal scenarios from the training DB to infer patterns.

If the B6C6 edge is removed from the 11x11 grid network, which column (A-K) or row (0-10) contains the edge with the largest density INCREASE compared to baseline?

Use the training DB to find similar scenarios. Answer with only one letter (A-K) or number (0-10).","The single largest density increase when C6D6 is removed is edge D7C7, which is in column D. Based on the patterns observed:

1. **C6D6 removal** → Column **D** has the largest total increase (1.12) and the single largest edge increase is in column D (D7C7: +0.17)
2. **A6B6 removal** → Column **B** has the largest total increase (0.45)

The pattern shows that when a horizontal edge is removed, the column on the destination side (right side) of that edge experiences the most congestion increase.

For **B6C6 removal**, following this pattern, **column C or D** should see the largest increase. Given that C6D6 removal showed D had massive increases, and B6C6 connects B to C, I would expect **column C or D** to have the largest increase, with **D** being the most likely based on the proximity and network flow patterns.

ANSWER: D

REASONING: When horizontal edge C6D6 is removed, column D shows the largest total density increase (1.12) and the single largest edge increase (D7C7: +0.17). When B6C6 is removed, traffic will reroute similarly, and column D (adjacent to the removed edge) will likely absorb the most redirected traffic based on observed patterns from neighboring edge removals.",D,7
B8B9,"You must use the training DB to infer the answer for this UNSEEN scenario.
This specific edge removal simulation does NOT exist in the DB - you must reason from similar cases.

DB Schema:
- simulations (simulation_id, created_at, vehicle_count, net_file, route_file, description)
- trips (simulation_id, trip_id, duration, routeLength, waitingTime, timeLoss, depart, arrival, ...)
- edge_metrics (simulation_id, edge_id, interval_begin, interval_end, speed, density, waitingTime, timeLoss, ...)

Key columns:
- simulations.description: ""A0A1 edge removed"" format (identifies which edge was removed in each simulation)
- edge_metrics.density: road density (higher = more congested)
- edge_metrics.edge_id: edge ID (e.g., A0A1, B2C2)

SQL queries must start with SELECT. Do NOT use WITH clauses (CTEs) - rewrite them as subqueries instead.

Output format (exactly 2 lines):
1. ANSWER: <your answer>
2. REASONING: <2 sentences explaining your reasoning>

Search Strategy: NEIGHBOR (adjacent edges only)

Adjacent edges share a node with the target edge.
Example: For C3C4, adjacent edges are C2C3, C4C5 (vertical) and C3D3, C4D4, B3C3, B4C4 (horizontal).

Query adjacent edge removal scenarios from the training DB to infer patterns.

If the B8B9 edge is removed from the 11x11 grid network, which column (A-K) or row (0-10) contains the edge with the largest density INCREASE compared to baseline?

Use the training DB to find similar scenarios. Answer with only one letter (A-K) or number (0-10).","Based on the analysis of adjacent edge removal scenarios, column C consistently shows the largest density increases, particularly edges like C6C7, C7C8, C8C9, which are in the same vertical path as the removed edge B8B9.

**ANSWER: C**

**REASONING: When adjacent edges to B8B9 (particularly B7B8, B9C9, and B8C8) were removed, column C consistently showed the largest density increases, especially edges C6C7, C7C8, and C8C9. When vertical edge B8B9 is removed, traffic reroutes to the parallel path in the adjacent column C, which would experience the highest density increases.**",C,C
C0C1,"You must use the training DB to infer the answer for this UNSEEN scenario.
This specific edge removal simulation does NOT exist in the DB - you must reason from similar cases.

DB Schema:
- simulations (simulation_id, created_at, vehicle_count, net_file, route_file, description)
- trips (simulation_id, trip_id, duration, routeLength, waitingTime, timeLoss, depart, arrival, ...)
- edge_metrics (simulation_id, edge_id, interval_begin, interval_end, speed, density, waitingTime, timeLoss, ...)

Key columns:
- simulations.description: ""A0A1 edge removed"" format (identifies which edge was removed in each simulation)
- edge_metrics.density: road density (higher = more congested)
- edge_metrics.edge_id: edge ID (e.g., A0A1, B2C2)

SQL queries must start with SELECT. Do NOT use WITH clauses (CTEs) - rewrite them as subqueries instead.

Output format (exactly 2 lines):
1. ANSWER: <your answer>
2. REASONING: <2 sentences explaining your reasoning>

Search Strategy: NEIGHBOR (adjacent edges only)

Adjacent edges share a node with the target edge.
Example: For C3C4, adjacent edges are C2C3, C4C5 (vertical) and C3D3, C4D4, B3C3, B4C4 (horizontal).

Query adjacent edge removal scenarios from the training DB to infer patterns.

If the C0C1 edge is removed from the 11x11 grid network, which column (A-K) or row (0-10) contains the edge with the largest density INCREASE compared to baseline?

Use the training DB to find similar scenarios. Answer with only one letter (A-K) or number (0-10).","Excellent! Looking at the patterns:
- B0C0 removed (horizontal at row 0): D1E1 has +0.17 (row 1)
- C0D0 removed (horizontal at row 0): D0D1 has +0.25 (column D)
- C1C2 removed (vertical in column C): F2G2 has +0.26 (row 2)
- B1C1 removed (horizontal at row 1): E2D2 has +0.21 (row 2)
- B0B1 removed (vertical in column B): C0C1 has +0.10 (column C)

When a vertical edge like B0B1 is removed, the adjacent vertical edge C0C1 in column C shows significant increase. For C0C1 removal, by symmetry and the pattern observed, column D (the adjacent column) should show the largest increases.

ANSWER: D

REASONING: When adjacent vertical edges are removed (B0B1), column C shows density increases. When horizontal edges near row 0 are removed (C0D0), column D shows the largest density increase (+0.25 in D0D1). For C0C1 removal, column D edges are the primary alternative routes.",D,1
C1D1,"You must use the training DB to infer the answer for this UNSEEN scenario.
This specific edge removal simulation does NOT exist in the DB - you must reason from similar cases.

DB Schema:
- simulations (simulation_id, created_at, vehicle_count, net_file, route_file, description)
- trips (simulation_id, trip_id, duration, routeLength, waitingTime, timeLoss, depart, arrival, ...)
- edge_metrics (simulation_id, edge_id, interval_begin, interval_end, speed, density, waitingTime, timeLoss, ...)

Key columns:
- simulations.description: ""A0A1 edge removed"" format (identifies which edge was removed in each simulation)
- edge_metrics.density: road density (higher = more congested)
- edge_metrics.edge_id: edge ID (e.g., A0A1, B2C2)

SQL queries must start with SELECT. Do NOT use WITH clauses (CTEs) - rewrite them as subqueries instead.

Output format (exactly 2 lines):
1. ANSWER: <your answer>
2. REASONING: <2 sentences explaining your reasoning>

Search Strategy: NEIGHBOR (adjacent edges only)

Adjacent edges share a node with the target edge.
Example: For C3C4, adjacent edges are C2C3, C4C5 (vertical) and C3D3, C4D4, B3C3, B4C4 (horizontal).

Query adjacent edge removal scenarios from the training DB to infer patterns.

If the C1D1 edge is removed from the 11x11 grid network, which column (A-K) or row (0-10) contains the edge with the largest density INCREASE compared to baseline?

Use the training DB to find similar scenarios. Answer with only one letter (A-K) or number (0-10).","When B1C1 was removed:
- Top increases: E2D2, D2C2 (row 2), and vertical edges in column C (C4C3, C3C2)

The pattern is clear: when horizontal edges at row 1 are removed, **row 2** shows the highest density increases, followed by vertical movement in the adjacent columns.

ANSWER: 2

REASONING: Analysis of adjacent edge removals (B1C1, D1E1, C1C2, D0D1, D1D2) shows that when horizontal edges at row 1 are removed, row 2 consistently experiences the largest density increases as traffic reroutes vertically to bypass the blockage. The top density increases in both B1C1 and D1E1 scenarios occurred on row 2 edges (E2D2, D2C2), suggesting C1D1 removal would similarly impact row 2 most.",2,2
C3C4,"You must use the training DB to infer the answer for this UNSEEN scenario.
This specific edge removal simulation does NOT exist in the DB - you must reason from similar cases.

DB Schema:
- simulations (simulation_id, created_at, vehicle_count, net_file, route_file, description)
- trips (simulation_id, trip_id, duration, routeLength, waitingTime, timeLoss, depart, arrival, ...)
- edge_metrics (simulation_id, edge_id, interval_begin, interval_end, speed, density, waitingTime, timeLoss, ...)

Key columns:
- simulations.description: ""A0A1 edge removed"" format (identifies which edge was removed in each simulation)
- edge_metrics.density: road density (higher = more congested)
- edge_metrics.edge_id: edge ID (e.g., A0A1, B2C2)

SQL queries must start with SELECT. Do NOT use WITH clauses (CTEs) - rewrite them as subqueries instead.

Output format (exactly 2 lines):
1. ANSWER: <your answer>
2. REASONING: <2 sentences explaining your reasoning>

Search Strategy: NEIGHBOR (adjacent edges only)

Adjacent edges share a node with the target edge.
Example: For C3C4, adjacent edges are C2C3, C4C5 (vertical) and C3D3, C4D4, B3C3, B4C4 (horizontal).

Query adjacent edge removal scenarios from the training DB to infer patterns.

If the C3C4 edge is removed from the 11x11 grid network, which column (A-K) or row (0-10) contains the edge with the largest density INCREASE compared to baseline?

Use the training DB to find similar scenarios. Answer with only one letter (A-K) or number (0-10).","Perfect! Column D shows a total density increase of 3.01 across all adjacent edge removal simulations, which is the highest among all columns. The evidence strongly points to Column D as the answer.

ANSWER: D

REASONING: Analyzing adjacent edge removal scenarios (C2C3, C4C5, B3C3, C4D4), column D consistently showed the highest cumulative density increases (3.01 total) compared to all other columns. The D5C5 edge specifically had the largest individual density increases across multiple scenarios, indicating column D would experience the greatest traffic rerouting impact when C3C4 is removed.",D,D
C3D3,"You must use the training DB to infer the answer for this UNSEEN scenario.
This specific edge removal simulation does NOT exist in the DB - you must reason from similar cases.

DB Schema:
- simulations (simulation_id, created_at, vehicle_count, net_file, route_file, description)
- trips (simulation_id, trip_id, duration, routeLength, waitingTime, timeLoss, depart, arrival, ...)
- edge_metrics (simulation_id, edge_id, interval_begin, interval_end, speed, density, waitingTime, timeLoss, ...)

Key columns:
- simulations.description: ""A0A1 edge removed"" format (identifies which edge was removed in each simulation)
- edge_metrics.density: road density (higher = more congested)
- edge_metrics.edge_id: edge ID (e.g., A0A1, B2C2)

SQL queries must start with SELECT. Do NOT use WITH clauses (CTEs) - rewrite them as subqueries instead.

Output format (exactly 2 lines):
1. ANSWER: <your answer>
2. REASONING: <2 sentences explaining your reasoning>

Search Strategy: NEIGHBOR (adjacent edges only)

Adjacent edges share a node with the target edge.
Example: For C3C4, adjacent edges are C2C3, C4C5 (vertical) and C3D3, C4D4, B3C3, B4C4 (horizontal).

Query adjacent edge removal scenarios from the training DB to infer patterns.

If the C3D3 edge is removed from the 11x11 grid network, which column (A-K) or row (0-10) contains the edge with the largest density INCREASE compared to baseline?

Use the training DB to find similar scenarios. Answer with only one letter (A-K) or number (0-10).","Perfect! When D3E3 is removed (an adjacent edge to C3D3), the top increases are mostly in column D. This is the most significant pattern. Let me verify by looking at all adjacent scenarios systematically to confirm which column/row shows maximum increase:

Looking at the results:
- **D3E3 removed**: D4C4 (0.27) - involves column D
- **C2C3 removed**: F3G3 (0.26) - involves row 3
- **B3C3 removed**: H4G4 (0.21) - not directly related

Column **D** shows the highest density increase (0.27) in the D4C4 edge when the adjacent D3E3 edge is removed.

ANSWER: D

REASONING: When adjacent edges to C3D3 are removed (particularly D3E3), column D experiences the largest density increases, with D4C4 showing a 0.27 increase, the highest among all adjacent removal scenarios. This indicates that traffic reroutes heavily through column D when edges adjacent to C3D3 are disrupted.",D,4
C7C8,"You must use the training DB to infer the answer for this UNSEEN scenario.
This specific edge removal simulation does NOT exist in the DB - you must reason from similar cases.

DB Schema:
- simulations (simulation_id, created_at, vehicle_count, net_file, route_file, description)
- trips (simulation_id, trip_id, duration, routeLength, waitingTime, timeLoss, depart, arrival, ...)
- edge_metrics (simulation_id, edge_id, interval_begin, interval_end, speed, density, waitingTime, timeLoss, ...)

Key columns:
- simulations.description: ""A0A1 edge removed"" format (identifies which edge was removed in each simulation)
- edge_metrics.density: road density (higher = more congested)
- edge_metrics.edge_id: edge ID (e.g., A0A1, B2C2)

SQL queries must start with SELECT. Do NOT use WITH clauses (CTEs) - rewrite them as subqueries instead.

Output format (exactly 2 lines):
1. ANSWER: <your answer>
2. REASONING: <2 sentences explaining your reasoning>

Search Strategy: NEIGHBOR (adjacent edges only)

Adjacent edges share a node with the target edge.
Example: For C3C4, adjacent edges are C2C3, C4C5 (vertical) and C3D3, C4D4, B3C3, B4C4 (horizontal).

Query adjacent edge removal scenarios from the training DB to infer patterns.

If the C7C8 edge is removed from the 11x11 grid network, which column (A-K) or row (0-10) contains the edge with the largest density INCREASE compared to baseline?

Use the training DB to find similar scenarios. Answer with only one letter (A-K) or number (0-10).","Row 6 clearly has many edges with high density increases when adjacent edges to C7C8 are removed. The highest single increase is C6D6 at 0.31 when C7D7 is removed. Since C7C8 is between rows 7 and 8, and C7D7 is a horizontal edge at row 7, the pattern suggests row 6 experiences significant impact.

ANSWER: 6

REASONING: When adjacent edges to C7C8 are removed (particularly C7D7), row 6 edges show the largest density increases, with C6D6 experiencing a 0.31 increase, F6G6 at 0.28, and D6E6 at 0.24. The traffic reroutes northward from the C7C8 blockage area, concentrating in row 6.",6,8
D2D3,"You must use the training DB to infer the answer for this UNSEEN scenario.
This specific edge removal simulation does NOT exist in the DB - you must reason from similar cases.

DB Schema:
- simulations (simulation_id, created_at, vehicle_count, net_file, route_file, description)
- trips (simulation_id, trip_id, duration, routeLength, waitingTime, timeLoss, depart, arrival, ...)
- edge_metrics (simulation_id, edge_id, interval_begin, interval_end, speed, density, waitingTime, timeLoss, ...)

Key columns:
- simulations.description: ""A0A1 edge removed"" format (identifies which edge was removed in each simulation)
- edge_metrics.density: road density (higher = more congested)
- edge_metrics.edge_id: edge ID (e.g., A0A1, B2C2)

SQL queries must start with SELECT. Do NOT use WITH clauses (CTEs) - rewrite them as subqueries instead.

Output format (exactly 2 lines):
1. ANSWER: <your answer>
2. REASONING: <2 sentences explaining your reasoning>

Search Strategy: NEIGHBOR (adjacent edges only)

Adjacent edges share a node with the target edge.
Example: For C3C4, adjacent edges are C2C3, C4C5 (vertical) and C3D3, C4D4, B3C3, B4C4 (horizontal).

Query adjacent edge removal scenarios from the training DB to infer patterns.

If the D2D3 edge is removed from the 11x11 grid network, which column (A-K) or row (0-10) contains the edge with the largest density INCREASE compared to baseline?

Use the training DB to find similar scenarios. Answer with only one letter (A-K) or number (0-10).","D3E3 is the highest. This suggests when D2D3 is removed, traffic will likely reroute through row 3 edges. Let me verify row 3 as the answer by checking its total density impact:

ANSWER: 3

REASONING: When adjacent edges D1D2, D2E2, and C2D2 are removed, edges in row 3 (especially D3E3, C3D3, C2C3) consistently show the largest density increases (+0.30, +0.19, +0.34 respectively). This pattern indicates traffic reroutes through row 3 when vertical edges near D2D3 are blocked, making row 3 the most affected.",3,E
D6E6,"You must use the training DB to infer the answer for this UNSEEN scenario.
This specific edge removal simulation does NOT exist in the DB - you must reason from similar cases.

DB Schema:
- simulations (simulation_id, created_at, vehicle_count, net_file, route_file, description)
- trips (simulation_id, trip_id, duration, routeLength, waitingTime, timeLoss, depart, arrival, ...)
- edge_metrics (simulation_id, edge_id, interval_begin, interval_end, speed, density, waitingTime, timeLoss, ...)

Key columns:
- simulations.description: ""A0A1 edge removed"" format (identifies which edge was removed in each simulation)
- edge_metrics.density: road density (higher = more congested)
- edge_metrics.edge_id: edge ID (e.g., A0A1, B2C2)

SQL queries must start with SELECT. Do NOT use WITH clauses (CTEs) - rewrite them as subqueries instead.

Output format (exactly 2 lines):
1. ANSWER: <your answer>
2. REASONING: <2 sentences explaining your reasoning>

Search Strategy: NEIGHBOR (adjacent edges only)

Adjacent edges share a node with the target edge.
Example: For C3C4, adjacent edges are C2C3, C4C5 (vertical) and C3D3, C4D4, B3C3, B4C4 (horizontal).

Query adjacent edge removal scenarios from the training DB to infer patterns.

If the D6E6 edge is removed from the 11x11 grid network, which column (A-K) or row (0-10) contains the edge with the largest density INCREASE compared to baseline?

Use the training DB to find similar scenarios. Answer with only one letter (A-K) or number (0-10).","Based on the patterns from adjacent edge removals:

1. **C6D6 removed** (horizontal, west of D6E6): Largest increase was D5D6 (+0.14) - vertical edge in column D
2. **D5D6 removed** (vertical, north of D6E6): Largest increase was D6E6 (+0.17) - the horizontal edge itself in row 6
3. **D6D7 removed** (vertical, south of D6E6): Largest increase was D6E6 (+0.02) - the horizontal edge itself
4. **E6E7 removed** (vertical, east end): Largest increase was E7F7 (+0.07) - edge in row 7
5. **E6F6 removed** (horizontal, east of D6E6): Multiple edges in column E and F tied (+0.07)

The pattern shows that when an adjacent vertical edge is removed (like D5D6 or D6D7), the horizontal edge D6E6 itself sees an increase. When D6E6 (horizontal) is removed, by symmetry, the adjacent vertical edges would likely see the largest increases.

The adjacent vertical edges to D6E6 are: D5D6, D6D7, E5E6, E6E7
Looking at column D specifically, when its vertical edges were removed, D6E6 (the horizontal edge) increased.

By the pattern observed, when D6E6 is removed, the vertical edges in columns D and E (particularly D6D7, D5D6, E6E7, E5E6) would see increases. The data suggests column **D** or row **6** would contain the largest increases.

Looking more carefully at the symmetry: when D5D6 was removed, D6E6 increased by 0.17 (the largest observed increase). This suggests that when D6E6 is removed, edges in column D would see significant increases.

ANSWER: D

REASONING: Analysis of adjacent edge removal scenarios shows that when vertical edge D5D6 was removed, horizontal edge D6E6 had the largest density increase (+0.17). By symmetry, when horizontal edge D6E6 is removed, vertical edges in column D (D5D6 and D6D7) would experience the largest density increases.",D,5
D8D9,"You must use the training DB to infer the answer for this UNSEEN scenario.
This specific edge removal simulation does NOT exist in the DB - you must reason from similar cases.

DB Schema:
- simulations (simulation_id, created_at, vehicle_count, net_file, route_file, description)
- trips (simulation_id, trip_id, duration, routeLength, waitingTime, timeLoss, depart, arrival, ...)
- edge_metrics (simulation_id, edge_id, interval_begin, interval_end, speed, density, waitingTime, timeLoss, ...)

Key columns:
- simulations.description: ""A0A1 edge removed"" format (identifies which edge was removed in each simulation)
- edge_metrics.density: road density (higher = more congested)
- edge_metrics.edge_id: edge ID (e.g., A0A1, B2C2)

SQL queries must start with SELECT. Do NOT use WITH clauses (CTEs) - rewrite them as subqueries instead.

Output format (exactly 2 lines):
1. ANSWER: <your answer>
2. REASONING: <2 sentences explaining your reasoning>

Search Strategy: NEIGHBOR (adjacent edges only)

Adjacent edges share a node with the target edge.
Example: For C3C4, adjacent edges are C2C3, C4C5 (vertical) and C3D3, C4D4, B3C3, B4C4 (horizontal).

Query adjacent edge removal scenarios from the training DB to infer patterns.

If the D8D9 edge is removed from the 11x11 grid network, which column (A-K) or row (0-10) contains the edge with the largest density INCREASE compared to baseline?

Use the training DB to find similar scenarios. Answer with only one letter (A-K) or number (0-10).","Now let me look at the pattern more clearly. D8D9 is a vertical edge in column D between rows 8 and 9. Let me compare the adjacent edge removals:

- **D7D8 removed** (adjacent vertical, above D8D9): Column C had max increase (0.17)
- **D9D10 removed** (adjacent vertical, below D8D9): Column F had max increase (0.13), then E (0.12)
- **C8D8 removed** (adjacent horizontal at D8): Column C had max increase (0.26), then D (0.19)
- **C9D9 removed** (adjacent horizontal at D9): Column E had max increase (0.22), then H (0.19), then D (0.18)
- **D8E8 removed** (adjacent horizontal at D8): Column E had max increase (0.22), then D (0.15)
- **D9E9 removed** (adjacent horizontal at D9): Column **D** had max increase (0.39), then E (0.37)

The pattern suggests that when an edge adjacent to D8D9 is removed, column D and E see significant increases. The D9E9 removal (horizontal at D9) shows column D with the highest increase (0.39), which is very significant.

Based on this pattern, when D8D9 itself is removed, column **D** or **E** would likely see the largest density increase, with D being more likely based on the strongest signal from D9E9 removal.

ANSWER: D

REASONING: Analysis of adjacent edge removal scenarios shows that when D9E9 (horizontal edge at node D9) was removed, column D experienced the largest density increase of 0.39, followed by column E at 0.37. This strong signal suggests that removing the D8D9 edge would similarly cause the largest density increase in column D.",D,D
E10F10,"You must use the training DB to infer the answer for this UNSEEN scenario.
This specific edge removal simulation does NOT exist in the DB - you must reason from similar cases.

DB Schema:
- simulations (simulation_id, created_at, vehicle_count, net_file, route_file, description)
- trips (simulation_id, trip_id, duration, routeLength, waitingTime, timeLoss, depart, arrival, ...)
- edge_metrics (simulation_id, edge_id, interval_begin, interval_end, speed, density, waitingTime, timeLoss, ...)

Key columns:
- simulations.description: ""A0A1 edge removed"" format (identifies which edge was removed in each simulation)
- edge_metrics.density: road density (higher = more congested)
- edge_metrics.edge_id: edge ID (e.g., A0A1, B2C2)

SQL queries must start with SELECT. Do NOT use WITH clauses (CTEs) - rewrite them as subqueries instead.

Output format (exactly 2 lines):
1. ANSWER: <your answer>
2. REASONING: <2 sentences explaining your reasoning>

Search Strategy: NEIGHBOR (adjacent edges only)

Adjacent edges share a node with the target edge.
Example: For C3C4, adjacent edges are C2C3, C4C5 (vertical) and C3D3, C4D4, B3C3, B4C4 (horizontal).

Query adjacent edge removal scenarios from the training DB to infer patterns.

If the E10F10 edge is removed from the 11x11 grid network, which column (A-K) or row (0-10) contains the edge with the largest density INCREASE compared to baseline?

Use the training DB to find similar scenarios. Answer with only one letter (A-K) or number (0-10).","ANSWER: F

REASONING: Analysis of adjacent edge removal scenarios shows that when E9F9 (just south of E10F10) is removed, E8F8 in column F shows the highest density increase of 0.31. Since E10F10 is a horizontal edge connecting columns E and F in row 10, removing it forces traffic to seek alternative routes, with the strongest diversions occurring along the parallel vertical edges in column F, making it the column with the largest density increase.",F,E
E1E2,"You must use the training DB to infer the answer for this UNSEEN scenario.
This specific edge removal simulation does NOT exist in the DB - you must reason from similar cases.

DB Schema:
- simulations (simulation_id, created_at, vehicle_count, net_file, route_file, description)
- trips (simulation_id, trip_id, duration, routeLength, waitingTime, timeLoss, depart, arrival, ...)
- edge_metrics (simulation_id, edge_id, interval_begin, interval_end, speed, density, waitingTime, timeLoss, ...)

Key columns:
- simulations.description: ""A0A1 edge removed"" format (identifies which edge was removed in each simulation)
- edge_metrics.density: road density (higher = more congested)
- edge_metrics.edge_id: edge ID (e.g., A0A1, B2C2)

SQL queries must start with SELECT. Do NOT use WITH clauses (CTEs) - rewrite them as subqueries instead.

Output format (exactly 2 lines):
1. ANSWER: <your answer>
2. REASONING: <2 sentences explaining your reasoning>

Search Strategy: NEIGHBOR (adjacent edges only)

Adjacent edges share a node with the target edge.
Example: For C3C4, adjacent edges are C2C3, C4C5 (vertical) and C3D3, C4D4, B3C3, B4C4 (horizontal).

Query adjacent edge removal scenarios from the training DB to infer patterns.

If the E1E2 edge is removed from the 11x11 grid network, which column (A-K) or row (0-10) contains the edge with the largest density INCREASE compared to baseline?

Use the training DB to find similar scenarios. Answer with only one letter (A-K) or number (0-10).","Perfect! Now I can analyze the pattern. For E1E2 removal:
- Adjacent edges: E0E1 (vertical above), E2E3 (vertical below), D1E1, E1F1 (horizontal from E1), D2E2, E2F2 (horizontal from E2)

Looking at the patterns from adjacent edge removals:
- **D1E1 removed**: Max increase in column **E** (0.25)
- **D2E2 removed**: Max increase in column **D** (0.30)
- **E0E1 removed**: Max increase in column **D** (0.17)
- **E1F1 removed**: Max increase in columns **E, H, F** (tied at ~0.12)
- **E2E3 removed**: Max increase in columns **D, F** (tied at ~0.19)
- **E2F2 removed**: Max increase in column **H** (0.17)

The pattern suggests that when horizontal edges adjacent to E1E2 are removed (D1E1, D2E2), column D or E shows the highest impact. When vertical edges are removed, columns D and F show impacts. Based on this analysis, **column D** appears most consistently and with the highest increases.

ANSWER: D

REASONING: Analysis of adjacent edge removal scenarios (D1E1, D2E2, E0E1, E1F1, E2E3, E2F2) shows that column D consistently experiences the largest density increases, with D2E2 removal showing a 0.30 increase and multiple other scenarios showing D as the top or second highest impacted column. This pattern suggests E1E2 removal would similarly cause maximum density increase in column D.",D,F
E5E6,"You must use the training DB to infer the answer for this UNSEEN scenario.
This specific edge removal simulation does NOT exist in the DB - you must reason from similar cases.

DB Schema:
- simulations (simulation_id, created_at, vehicle_count, net_file, route_file, description)
- trips (simulation_id, trip_id, duration, routeLength, waitingTime, timeLoss, depart, arrival, ...)
- edge_metrics (simulation_id, edge_id, interval_begin, interval_end, speed, density, waitingTime, timeLoss, ...)

Key columns:
- simulations.description: ""A0A1 edge removed"" format (identifies which edge was removed in each simulation)
- edge_metrics.density: road density (higher = more congested)
- edge_metrics.edge_id: edge ID (e.g., A0A1, B2C2)

SQL queries must start with SELECT. Do NOT use WITH clauses (CTEs) - rewrite them as subqueries instead.

Output format (exactly 2 lines):
1. ANSWER: <your answer>
2. REASONING: <2 sentences explaining your reasoning>

Search Strategy: NEIGHBOR (adjacent edges only)

Adjacent edges share a node with the target edge.
Example: For C3C4, adjacent edges are C2C3, C4C5 (vertical) and C3D3, C4D4, B3C3, B4C4 (horizontal).

Query adjacent edge removal scenarios from the training DB to infer patterns.

If the E5E6 edge is removed from the 11x11 grid network, which column (A-K) or row (0-10) contains the edge with the largest density INCREASE compared to baseline?

Use the training DB to find similar scenarios. Answer with only one letter (A-K) or number (0-10).","Now let me analyze the patterns. Looking at the results:

1. **D5E5 removed** (horizontal at row 5): Largest increase is F6E6 (0.33) in **column E, row 6**
2. **E4E5 removed** (vertical in column E): Largest increases are in **column F** (F5F4: 0.28, F4F3: 0.24, F2F1: 0.22)
3. **E6E7 removed** (vertical in column E): Largest increases are in **column F** (F6F7: 0.23, F7F6: 0.22, F4F3: 0.21, F5F4: 0.21)
4. **E6F6 removed** (horizontal at row 6): Largest increase is D5E5 (0.19) in **column D-E, row 5**

The pattern shows that when vertical edges in column E are removed (E4E5, E6E7), **column F** sees the largest density increases. This suggests that when E5E6 (also vertical in column E) is removed, **column F** would likely experience the largest density increase.

ANSWER: F

REASONING: When adjacent vertical edges in column E (E4E5 and E6E7) are removed, column F consistently shows the largest density increases (0.22-0.28). Since E5E6 is also a vertical edge in column E, the traffic rerouting pattern suggests column F will absorb the most diverted traffic.",F,F
E5F5,"You must use the training DB to infer the answer for this UNSEEN scenario.
This specific edge removal simulation does NOT exist in the DB - you must reason from similar cases.

DB Schema:
- simulations (simulation_id, created_at, vehicle_count, net_file, route_file, description)
- trips (simulation_id, trip_id, duration, routeLength, waitingTime, timeLoss, depart, arrival, ...)
- edge_metrics (simulation_id, edge_id, interval_begin, interval_end, speed, density, waitingTime, timeLoss, ...)

Key columns:
- simulations.description: ""A0A1 edge removed"" format (identifies which edge was removed in each simulation)
- edge_metrics.density: road density (higher = more congested)
- edge_metrics.edge_id: edge ID (e.g., A0A1, B2C2)

SQL queries must start with SELECT. Do NOT use WITH clauses (CTEs) - rewrite them as subqueries instead.

Output format (exactly 2 lines):
1. ANSWER: <your answer>
2. REASONING: <2 sentences explaining your reasoning>

Search Strategy: NEIGHBOR (adjacent edges only)

Adjacent edges share a node with the target edge.
Example: For C3C4, adjacent edges are C2C3, C4C5 (vertical) and C3D3, C4D4, B3C3, B4C4 (horizontal).

Query adjacent edge removal scenarios from the training DB to infer patterns.

If the E5F5 edge is removed from the 11x11 grid network, which column (A-K) or row (0-10) contains the edge with the largest density INCREASE compared to baseline?

Use the training DB to find similar scenarios. Answer with only one letter (A-K) or number (0-10).","When D5E5 (horizontal edge) is removed:
- E5E4 (perpendicular, on column E) increased from 0.51 to 0.70 (+0.19)
- E5E6 increased from 0.24 to 0.28 (+0.04)

When F5G5 (horizontal edge) is removed:
- F5F6 (perpendicular, on column F) increased from 0.27 to 0.52 (+0.25)

So the pattern is clear: when a horizontal edge is removed, perpendicular edges at the endpoints show increases. The largest increase is +0.25 at F5F6 when F5G5 is removed.

For E5F5 removal, I expect:
- Column E perpendicular edges (like E5E4, E5E6) to see increases
- Column F perpendicular edges (like F5F6, F4F5) to see increases

Based on the pattern, F5F6 showed the LARGEST increase (+0.25), and it's on column F.

ANSWER: F

REASONING: When adjacent horizontal edges are removed (D5E5, F5G5), the perpendicular edges at their endpoints show density increases, with F5F6 showing the largest increase of +0.25 when F5G5 was removed. Following this pattern, when E5F5 is removed, column F edges (particularly F5F6) are expected to absorb the most rerouted traffic.",F,6
E8F8,"You must use the training DB to infer the answer for this UNSEEN scenario.
This specific edge removal simulation does NOT exist in the DB - you must reason from similar cases.

DB Schema:
- simulations (simulation_id, created_at, vehicle_count, net_file, route_file, description)
- trips (simulation_id, trip_id, duration, routeLength, waitingTime, timeLoss, depart, arrival, ...)
- edge_metrics (simulation_id, edge_id, interval_begin, interval_end, speed, density, waitingTime, timeLoss, ...)

Key columns:
- simulations.description: ""A0A1 edge removed"" format (identifies which edge was removed in each simulation)
- edge_metrics.density: road density (higher = more congested)
- edge_metrics.edge_id: edge ID (e.g., A0A1, B2C2)

SQL queries must start with SELECT. Do NOT use WITH clauses (CTEs) - rewrite them as subqueries instead.

Output format (exactly 2 lines):
1. ANSWER: <your answer>
2. REASONING: <2 sentences explaining your reasoning>

Search Strategy: NEIGHBOR (adjacent edges only)

Adjacent edges share a node with the target edge.
Example: For C3C4, adjacent edges are C2C3, C4C5 (vertical) and C3D3, C4D4, B3C3, B4C4 (horizontal).

Query adjacent edge removal scenarios from the training DB to infer patterns.

If the E8F8 edge is removed from the 11x11 grid network, which column (A-K) or row (0-10) contains the edge with the largest density INCREASE compared to baseline?

Use the training DB to find similar scenarios. Answer with only one letter (A-K) or number (0-10).","Now I need to understand that when E8F8 is removed, I should look at the overall pattern from similar removals. F8G8 removal (horizontal neighbor) shows very strong increases on row 7 edges. Let me check all scenarios systematically:

Looking at the scenarios:
1. D8E8 (horizontal neighbor on row 8): Largest increase on E-column
2. F8G8 (horizontal neighbor on row 8): Largest increase on F-column and row 7
3. E7E8, E8E9 (vertical neighbors on E column): Largest increases on F-column  
4. F7F8, F8F9 (vertical neighbors on F column): Largest increases on G-column

The pattern suggests that for E8F8 removal:
- Horizontal neighbors (D8E8, F8G8) show F8G8 has dramatic impact on row 7
- The F8G8 scenario is most relevant as it's the ""downstream"" horizontal neighbor

Based on F8G8 removal showing 0.43 density increase on row 7 (F7G7 edge), the answer is **7**.

ANSWER: 7
REASONING: When analyzing adjacent edge removals to E8F8, the F8G8 removal (horizontal neighbor) shows the largest density increase at 0.43 on edge F7G7. This strong pattern on row 7 edges suggests that E8F8 removal would similarly cause the largest density increase on row 7.",7,F
F10F9,"You must use the training DB to infer the answer for this UNSEEN scenario.
This specific edge removal simulation does NOT exist in the DB - you must reason from similar cases.

DB Schema:
- simulations (simulation_id, created_at, vehicle_count, net_file, route_file, description)
- trips (simulation_id, trip_id, duration, routeLength, waitingTime, timeLoss, depart, arrival, ...)
- edge_metrics (simulation_id, edge_id, interval_begin, interval_end, speed, density, waitingTime, timeLoss, ...)

Key columns:
- simulations.description: ""A0A1 edge removed"" format (identifies which edge was removed in each simulation)
- edge_metrics.density: road density (higher = more congested)
- edge_metrics.edge_id: edge ID (e.g., A0A1, B2C2)

SQL queries must start with SELECT. Do NOT use WITH clauses (CTEs) - rewrite them as subqueries instead.

Output format (exactly 2 lines):
1. ANSWER: <your answer>
2. REASONING: <2 sentences explaining your reasoning>

Search Strategy: NEIGHBOR (adjacent edges only)

Adjacent edges share a node with the target edge.
Example: For C3C4, adjacent edges are C2C3, C4C5 (vertical) and C3D3, C4D4, B3C3, B4C4 (horizontal).

Query adjacent edge removal scenarios from the training DB to infer patterns.

If the F10F9 edge is removed from the 11x11 grid network, which column (A-K) or row (0-10) contains the edge with the largest density INCREASE compared to baseline?

Use the training DB to find similar scenarios. Answer with only one letter (A-K) or number (0-10).","Let me take a simpler approach and look at the key insights from the adjacent edge removals:

When **F9G9** was removed (horizontal edge from F9):
- F9G9 baseline: 0.71 → no data (removed)
- But notably, when examining the impacts, the rerouting should affect column F and G around row 9

When **E9F9** was removed (horizontal edge to F9):
- E8F8 increased from 0.46 → 0.83 (+0.37) - huge increase in column F, row 8
- E9F9 removed
- F9E9 decreased from 0.46 → 0.14 (-0.32)

When **F10G10** was removed (horizontal edge from F10):
- F10E10 increased from 0.13 → 0.33 (+0.20)
- F10F9 decreased from 0.21 → 0.12 (-0.09)

When **F8F9** was removed (vertical edge):
- F8G8 increased from 0.36 → 0.59 (+0.23)
- E8F8 increased from 0.46 → 0.83 (+0.37) 

The pattern shows that removing vertical edge F10F9 would likely cause major increases in:
1. **Column F** edges (especially around rows 8-10)
2. Alternative vertical paths in adjacent columns (E and G)

Given that E8F8 showed the largest increase (+0.37) in multiple scenarios involving column F disruptions, and this is in **column F**, I should answer F.

ANSWER: F

REASONING: Analysis of adjacent edge removal scenarios (F8F9, F9G9, E9F9, F10G10) shows that disruptions near F9-F10 consistently cause the largest density increases in column F, particularly at F8 and surrounding edges. When vertical flow in column F is disrupted, the rerouting concentrates traffic through remaining column F edges, creating the maximum density increase.",F,F
F1F2,"You must use the training DB to infer the answer for this UNSEEN scenario.
This specific edge removal simulation does NOT exist in the DB - you must reason from similar cases.

DB Schema:
- simulations (simulation_id, created_at, vehicle_count, net_file, route_file, description)
- trips (simulation_id, trip_id, duration, routeLength, waitingTime, timeLoss, depart, arrival, ...)
- edge_metrics (simulation_id, edge_id, interval_begin, interval_end, speed, density, waitingTime, timeLoss, ...)

Key columns:
- simulations.description: ""A0A1 edge removed"" format (identifies which edge was removed in each simulation)
- edge_metrics.density: road density (higher = more congested)
- edge_metrics.edge_id: edge ID (e.g., A0A1, B2C2)

SQL queries must start with SELECT. Do NOT use WITH clauses (CTEs) - rewrite them as subqueries instead.

Output format (exactly 2 lines):
1. ANSWER: <your answer>
2. REASONING: <2 sentences explaining your reasoning>

Search Strategy: NEIGHBOR (adjacent edges only)

Adjacent edges share a node with the target edge.
Example: For C3C4, adjacent edges are C2C3, C4C5 (vertical) and C3D3, C4D4, B3C3, B4C4 (horizontal).

Query adjacent edge removal scenarios from the training DB to infer patterns.

If the F1F2 edge is removed from the 11x11 grid network, which column (A-K) or row (0-10) contains the edge with the largest density INCREASE compared to baseline?

Use the training DB to find similar scenarios. Answer with only one letter (A-K) or number (0-10).","Even when E1F1 (horizontal neighbor) was removed, column G still shows higher total increases than column F. The pattern is very consistent: **Column G** consistently shows the highest density increases across all adjacent edge removal scenarios.

ANSWER: G

REASONING: Analysis of adjacent edge removal scenarios (F0F1, F2F3, E1F1, F1G1) consistently shows that column G experiences the highest total and average density increases when edges near F1F2 are removed. When F1F2 is removed, column G will absorb the most rerouted traffic as the parallel alternative route.",G,E
F3F4,"You must use the training DB to infer the answer for this UNSEEN scenario.
This specific edge removal simulation does NOT exist in the DB - you must reason from similar cases.

DB Schema:
- simulations (simulation_id, created_at, vehicle_count, net_file, route_file, description)
- trips (simulation_id, trip_id, duration, routeLength, waitingTime, timeLoss, depart, arrival, ...)
- edge_metrics (simulation_id, edge_id, interval_begin, interval_end, speed, density, waitingTime, timeLoss, ...)

Key columns:
- simulations.description: ""A0A1 edge removed"" format (identifies which edge was removed in each simulation)
- edge_metrics.density: road density (higher = more congested)
- edge_metrics.edge_id: edge ID (e.g., A0A1, B2C2)

SQL queries must start with SELECT. Do NOT use WITH clauses (CTEs) - rewrite them as subqueries instead.

Output format (exactly 2 lines):
1. ANSWER: <your answer>
2. REASONING: <2 sentences explaining your reasoning>

Search Strategy: NEIGHBOR (adjacent edges only)

Adjacent edges share a node with the target edge.
Example: For C3C4, adjacent edges are C2C3, C4C5 (vertical) and C3D3, C4D4, B3C3, B4C4 (horizontal).

Query adjacent edge removal scenarios from the training DB to infer patterns.

If the F3F4 edge is removed from the 11x11 grid network, which column (A-K) or row (0-10) contains the edge with the largest density INCREASE compared to baseline?

Use the training DB to find similar scenarios. Answer with only one letter (A-K) or number (0-10).","Excellent! The data clearly shows that column G has the most significant density increases when adjacent edges to F3F4 are removed. This makes sense because:
- F3F4 is adjacent to column G (specifically F3G3 and F4G4 are horizontal neighbors)
- When these adjacent edges are removed, traffic reroutes through column G
- Column G shows both the highest number of impacted edges (16) and the highest total density increase (0.786)

ANSWER: G

REASONING: When analyzing adjacent edge removals to F3F4 (F2F3, F4F5, E3F3, E4F4, F3G3), column G consistently shows the largest density increases with 16 high-impact edges totaling 0.786 density increase. This indicates traffic reroutes eastward through column G when edges near F3F4 are blocked.",G,G
F4G4,"You must use the training DB to infer the answer for this UNSEEN scenario.
This specific edge removal simulation does NOT exist in the DB - you must reason from similar cases.

DB Schema:
- simulations (simulation_id, created_at, vehicle_count, net_file, route_file, description)
- trips (simulation_id, trip_id, duration, routeLength, waitingTime, timeLoss, depart, arrival, ...)
- edge_metrics (simulation_id, edge_id, interval_begin, interval_end, speed, density, waitingTime, timeLoss, ...)

Key columns:
- simulations.description: ""A0A1 edge removed"" format (identifies which edge was removed in each simulation)
- edge_metrics.density: road density (higher = more congested)
- edge_metrics.edge_id: edge ID (e.g., A0A1, B2C2)

SQL queries must start with SELECT. Do NOT use WITH clauses (CTEs) - rewrite them as subqueries instead.

Output format (exactly 2 lines):
1. ANSWER: <your answer>
2. REASONING: <2 sentences explaining your reasoning>

Search Strategy: NEIGHBOR (adjacent edges only)

Adjacent edges share a node with the target edge.
Example: For C3C4, adjacent edges are C2C3, C4C5 (vertical) and C3D3, C4D4, B3C3, B4C4 (horizontal).

Query adjacent edge removal scenarios from the training DB to infer patterns.

If the F4G4 edge is removed from the 11x11 grid network, which column (A-K) or row (0-10) contains the edge with the largest density INCREASE compared to baseline?

Use the training DB to find similar scenarios. Answer with only one letter (A-K) or number (0-10).","Excellent! The data shows that row 5 has the highest average density increase (0.083) across the adjacent edge removal scenarios. This is significantly higher than row 4 (0.069) and other rows.

Since F4G4 is a horizontal edge at row 4, when it's removed, traffic would be rerouted. Looking at the adjacent edge removal patterns:
- When E4F4 is removed, F5E5 (row 5) sees a 0.44 increase
- When G4H4 is removed, H5G5 (row 5) sees a 0.33 increase  
- When F4F5 is removed, E5E4 (row 5) sees a 0.25 increase
- When G4G5 is removed, row 4 edges see increases

The consistent pattern is that row 5 shows the largest density increases when edges adjacent to the F4-G4 area are removed, indicating that traffic reroutes to row 5 as an alternative path.

ANSWER: 5

REASONING: Analysis of adjacent edge removal scenarios (E4F4, G4H4, F4F5, G4G5) shows that row 5 consistently experiences the largest density increases, averaging 0.083 compared to 0.069 for row 4. When horizontal edges near row 4 are removed, traffic systematically reroutes to the parallel row 5 path.",5,5
F7G7,"You must use the training DB to infer the answer for this UNSEEN scenario.
This specific edge removal simulation does NOT exist in the DB - you must reason from similar cases.

DB Schema:
- simulations (simulation_id, created_at, vehicle_count, net_file, route_file, description)
- trips (simulation_id, trip_id, duration, routeLength, waitingTime, timeLoss, depart, arrival, ...)
- edge_metrics (simulation_id, edge_id, interval_begin, interval_end, speed, density, waitingTime, timeLoss, ...)

Key columns:
- simulations.description: ""A0A1 edge removed"" format (identifies which edge was removed in each simulation)
- edge_metrics.density: road density (higher = more congested)
- edge_metrics.edge_id: edge ID (e.g., A0A1, B2C2)

SQL queries must start with SELECT. Do NOT use WITH clauses (CTEs) - rewrite them as subqueries instead.

Output format (exactly 2 lines):
1. ANSWER: <your answer>
2. REASONING: <2 sentences explaining your reasoning>

Search Strategy: NEIGHBOR (adjacent edges only)

Adjacent edges share a node with the target edge.
Example: For C3C4, adjacent edges are C2C3, C4C5 (vertical) and C3D3, C4D4, B3C3, B4C4 (horizontal).

Query adjacent edge removal scenarios from the training DB to infer patterns.

If the F7G7 edge is removed from the 11x11 grid network, which column (A-K) or row (0-10) contains the edge with the largest density INCREASE compared to baseline?

Use the training DB to find similar scenarios. Answer with only one letter (A-K) or number (0-10).","Perfect! Column F has:
- Highest total density increase (2.08) among edges starting with F
- Most edges affected (7 distinct edges)
- Very high max increase (0.29)

This strongly suggests that when F7G7 (horizontal edge between F and G at row 7) is removed, column F will experience the largest density increases.

ANSWER: F

REASONING: Analyzing adjacent edge removals (E7F7, F6F7, F7F8, G6G7, G7G8), column F consistently shows the highest total density increase (2.08) across 7 distinct edges with significant increases above 0.1. The pattern indicates traffic reroutes heavily through column F when edges near the F7-G7 connection are removed.",F,6
G0H0,"You must use the training DB to infer the answer for this UNSEEN scenario.
This specific edge removal simulation does NOT exist in the DB - you must reason from similar cases.

DB Schema:
- simulations (simulation_id, created_at, vehicle_count, net_file, route_file, description)
- trips (simulation_id, trip_id, duration, routeLength, waitingTime, timeLoss, depart, arrival, ...)
- edge_metrics (simulation_id, edge_id, interval_begin, interval_end, speed, density, waitingTime, timeLoss, ...)

Key columns:
- simulations.description: ""A0A1 edge removed"" format (identifies which edge was removed in each simulation)
- edge_metrics.density: road density (higher = more congested)
- edge_metrics.edge_id: edge ID (e.g., A0A1, B2C2)

SQL queries must start with SELECT. Do NOT use WITH clauses (CTEs) - rewrite them as subqueries instead.

Output format (exactly 2 lines):
1. ANSWER: <your answer>
2. REASONING: <2 sentences explaining your reasoning>

Search Strategy: NEIGHBOR (adjacent edges only)

Adjacent edges share a node with the target edge.
Example: For C3C4, adjacent edges are C2C3, C4C5 (vertical) and C3D3, C4D4, B3C3, B4C4 (horizontal).

Query adjacent edge removal scenarios from the training DB to infer patterns.

If the G0H0 edge is removed from the 11x11 grid network, which column (A-K) or row (0-10) contains the edge with the largest density INCREASE compared to baseline?

Use the training DB to find similar scenarios. Answer with only one letter (A-K) or number (0-10).","Great! Comparing all three adjacent edge removal scenarios:
- **F0G0 removal**: Max increase = 0.22 (E0F0) - in **row 0**
- **G0G1 removal**: Max increase = 0.15 (E9F9) - not in row 0
- **H0I0 removal**: Max increase = 0.28 (H0H1) - in **row 0**

The largest density increase overall is 0.28 on edge H0H1 when H0I0 is removed, and this edge is in **row 0**.

ANSWER: 0

REASONING: When analyzing adjacent edge removal scenarios (F0G0, G0G1, and H0I0), the H0I0 removal produces the largest density increase of 0.28 on edge H0H1. This edge is a vertical connector in row 0, where traffic is forced to reroute when the horizontal H0I0 edge is blocked.",0,G
G10H10,"You must use the training DB to infer the answer for this UNSEEN scenario.
This specific edge removal simulation does NOT exist in the DB - you must reason from similar cases.

DB Schema:
- simulations (simulation_id, created_at, vehicle_count, net_file, route_file, description)
- trips (simulation_id, trip_id, duration, routeLength, waitingTime, timeLoss, depart, arrival, ...)
- edge_metrics (simulation_id, edge_id, interval_begin, interval_end, speed, density, waitingTime, timeLoss, ...)

Key columns:
- simulations.description: ""A0A1 edge removed"" format (identifies which edge was removed in each simulation)
- edge_metrics.density: road density (higher = more congested)
- edge_metrics.edge_id: edge ID (e.g., A0A1, B2C2)

SQL queries must start with SELECT. Do NOT use WITH clauses (CTEs) - rewrite them as subqueries instead.

Output format (exactly 2 lines):
1. ANSWER: <your answer>
2. REASONING: <2 sentences explaining your reasoning>

Search Strategy: NEIGHBOR (adjacent edges only)

Adjacent edges share a node with the target edge.
Example: For C3C4, adjacent edges are C2C3, C4C5 (vertical) and C3D3, C4D4, B3C3, B4C4 (horizontal).

Query adjacent edge removal scenarios from the training DB to infer patterns.

If the G10H10 edge is removed from the 11x11 grid network, which column (A-K) or row (0-10) contains the edge with the largest density INCREASE compared to baseline?

Use the training DB to find similar scenarios. Answer with only one letter (A-K) or number (0-10).","Perfect! Row 9 shows consistent increases across all adjacent edge removal scenarios:
- G10G9 removed: +0.73
- H10I10 removed: +0.18
- F10G10 removed: +0.05
- H10H9 removed: +0.12

G10G9 removal has the largest impact on row 9. Given that G10H10 removal is most similar to these adjacent scenarios, row 9 would likely see the largest density increase.

ANSWER: 9

REASONING: Analysis of adjacent edge removal scenarios (G10G9, F10G10, H10I10, H10H9) shows that row 9 consistently experiences the largest cumulative density increases, with G10G9 removal causing a +0.73 increase in row 9 edges. Since G10H10 is adjacent to these edges and shares node G10, removing it would similarly cause traffic to reroute through row 9 edges like F9G9 and G9H9.",9,F
G2H2,"You must use the training DB to infer the answer for this UNSEEN scenario.
This specific edge removal simulation does NOT exist in the DB - you must reason from similar cases.

DB Schema:
- simulations (simulation_id, created_at, vehicle_count, net_file, route_file, description)
- trips (simulation_id, trip_id, duration, routeLength, waitingTime, timeLoss, depart, arrival, ...)
- edge_metrics (simulation_id, edge_id, interval_begin, interval_end, speed, density, waitingTime, timeLoss, ...)

Key columns:
- simulations.description: ""A0A1 edge removed"" format (identifies which edge was removed in each simulation)
- edge_metrics.density: road density (higher = more congested)
- edge_metrics.edge_id: edge ID (e.g., A0A1, B2C2)

SQL queries must start with SELECT. Do NOT use WITH clauses (CTEs) - rewrite them as subqueries instead.

Output format (exactly 2 lines):
1. ANSWER: <your answer>
2. REASONING: <2 sentences explaining your reasoning>

Search Strategy: NEIGHBOR (adjacent edges only)

Adjacent edges share a node with the target edge.
Example: For C3C4, adjacent edges are C2C3, C4C5 (vertical) and C3D3, C4D4, B3C3, B4C4 (horizontal).

Query adjacent edge removal scenarios from the training DB to infer patterns.

If the G2H2 edge is removed from the 11x11 grid network, which column (A-K) or row (0-10) contains the edge with the largest density INCREASE compared to baseline?

Use the training DB to find similar scenarios. Answer with only one letter (A-K) or number (0-10).","The increases around I/row 2 are modest. Based on my analysis of the adjacent edge removals:

When H1H2 is removed (vertical edge connecting H1 to H2), the biggest impact appears to be on I5I4 and related edges in column I. However, these already have high baseline densities.

Looking more strategically at the data: When edges near G2H2 are removed, column **I** consistently shows the highest densities and impacts. The edge I5I4 and I6I5 maintain very high densities across scenarios.

Based on the pattern analysis from neighboring edge removals, **column I** contains the edges with the largest density increases when G2H2 would be removed.

ANSWER: I

REASONING: Analysis of adjacent edge removals to G2H2 (F2G2, G1G2, G2G3, H1H2, H2H3) shows that column I consistently experiences the largest density impacts, with edges like I5I4 reaching densities above 0.80. When edges around the G2-H2 region are disrupted, traffic reroutes heavily through column I, making it the most affected vertical corridor.",I,G
G3G4,"You must use the training DB to infer the answer for this UNSEEN scenario.
This specific edge removal simulation does NOT exist in the DB - you must reason from similar cases.

DB Schema:
- simulations (simulation_id, created_at, vehicle_count, net_file, route_file, description)
- trips (simulation_id, trip_id, duration, routeLength, waitingTime, timeLoss, depart, arrival, ...)
- edge_metrics (simulation_id, edge_id, interval_begin, interval_end, speed, density, waitingTime, timeLoss, ...)

Key columns:
- simulations.description: ""A0A1 edge removed"" format (identifies which edge was removed in each simulation)
- edge_metrics.density: road density (higher = more congested)
- edge_metrics.edge_id: edge ID (e.g., A0A1, B2C2)

SQL queries must start with SELECT. Do NOT use WITH clauses (CTEs) - rewrite them as subqueries instead.

Output format (exactly 2 lines):
1. ANSWER: <your answer>
2. REASONING: <2 sentences explaining your reasoning>

Search Strategy: NEIGHBOR (adjacent edges only)

Adjacent edges share a node with the target edge.
Example: For C3C4, adjacent edges are C2C3, C4C5 (vertical) and C3D3, C4D4, B3C3, B4C4 (horizontal).

Query adjacent edge removal scenarios from the training DB to infer patterns.

If the G3G4 edge is removed from the 11x11 grid network, which column (A-K) or row (0-10) contains the edge with the largest density INCREASE compared to baseline?

Use the training DB to find similar scenarios. Answer with only one letter (A-K) or number (0-10).","Analyzing the results:
- F3G3 removed: Top is G4F4 (row 4)
- G2G3 removed: E5E6 (unusual)
- G3H3 removed: H4G4 (row 4)
- G4G5 removed: G4F4 (row 4)
- G4H4 removed: H5G5 (row 5)

For G3G4 (vertical edge between rows 3 and 4), the pattern strongly suggests that row 4 horizontal edges will experience the highest density increase, particularly edges in column G and nearby (F, H). The majority of adjacent edge removals show row 4 as having the maximum density increase.

ANSWER: 4

REASONING: Analysis of adjacent edge removal scenarios (F3G3, G3H3, G4G5, G4H4, G2G3) shows that row 4 consistently experiences the highest density increases, with edges like G4F4 and H4G4 appearing at the top. When G3G4 is removed, traffic will be rerouted to horizontal alternatives, primarily affecting row 4.",4,F
G5H5,"You must use the training DB to infer the answer for this UNSEEN scenario.
This specific edge removal simulation does NOT exist in the DB - you must reason from similar cases.

DB Schema:
- simulations (simulation_id, created_at, vehicle_count, net_file, route_file, description)
- trips (simulation_id, trip_id, duration, routeLength, waitingTime, timeLoss, depart, arrival, ...)
- edge_metrics (simulation_id, edge_id, interval_begin, interval_end, speed, density, waitingTime, timeLoss, ...)

Key columns:
- simulations.description: ""A0A1 edge removed"" format (identifies which edge was removed in each simulation)
- edge_metrics.density: road density (higher = more congested)
- edge_metrics.edge_id: edge ID (e.g., A0A1, B2C2)

SQL queries must start with SELECT. Do NOT use WITH clauses (CTEs) - rewrite them as subqueries instead.

Output format (exactly 2 lines):
1. ANSWER: <your answer>
2. REASONING: <2 sentences explaining your reasoning>

Search Strategy: NEIGHBOR (adjacent edges only)

Adjacent edges share a node with the target edge.
Example: For C3C4, adjacent edges are C2C3, C4C5 (vertical) and C3D3, C4D4, B3C3, B4C4 (horizontal).

Query adjacent edge removal scenarios from the training DB to infer patterns.

If the G5H5 edge is removed from the 11x11 grid network, which column (A-K) or row (0-10) contains the edge with the largest density INCREASE compared to baseline?

Use the training DB to find similar scenarios. Answer with only one letter (A-K) or number (0-10).","Perfect! Now I can see the density increases. When H5I5 is removed (sim_20260130_114439_282), the largest increase is in I5I4 (0.99 - 0.84 = 0.15). This edge is in column I. Let me verify this is consistently the highest increase by looking at the data more systematically:

Based on analyzing the adjacent edge removal scenarios around G5H5:
- When H5I5 is removed (the right neighbor): I5I4 shows 0.99 density (increase of 0.15 from baseline 0.84)
- When H4H5 is removed (the upper-right neighbor): I5I4 also shows 0.91 (increase of 0.07)

This strongly suggests that when G5H5 is removed, traffic will be forced to reroute, and the edge with the largest density increase will likely be I5I4, which is in **column I**.

ANSWER: I

REASONING: Analysis of adjacent edge removal scenarios shows that when horizontal edges near row 5 are removed (particularly H5I5, the right neighbor of G5H5), the I5I4 edge in column I experiences the largest density increase (0.15 from baseline). This pattern suggests column I will absorb the most rerouted traffic when G5H5 is removed.",I,6
G6H6,"You must use the training DB to infer the answer for this UNSEEN scenario.
This specific edge removal simulation does NOT exist in the DB - you must reason from similar cases.

DB Schema:
- simulations (simulation_id, created_at, vehicle_count, net_file, route_file, description)
- trips (simulation_id, trip_id, duration, routeLength, waitingTime, timeLoss, depart, arrival, ...)
- edge_metrics (simulation_id, edge_id, interval_begin, interval_end, speed, density, waitingTime, timeLoss, ...)

Key columns:
- simulations.description: ""A0A1 edge removed"" format (identifies which edge was removed in each simulation)
- edge_metrics.density: road density (higher = more congested)
- edge_metrics.edge_id: edge ID (e.g., A0A1, B2C2)

SQL queries must start with SELECT. Do NOT use WITH clauses (CTEs) - rewrite them as subqueries instead.

Output format (exactly 2 lines):
1. ANSWER: <your answer>
2. REASONING: <2 sentences explaining your reasoning>

Search Strategy: NEIGHBOR (adjacent edges only)

Adjacent edges share a node with the target edge.
Example: For C3C4, adjacent edges are C2C3, C4C5 (vertical) and C3D3, C4D4, B3C3, B4C4 (horizontal).

Query adjacent edge removal scenarios from the training DB to infer patterns.

If the G6H6 edge is removed from the 11x11 grid network, which column (A-K) or row (0-10) contains the edge with the largest density INCREASE compared to baseline?

Use the training DB to find similar scenarios. Answer with only one letter (A-K) or number (0-10).","Now let me analyze the patterns. G6H6 is a horizontal edge. Looking at the 6 adjacent edges:

When removed adjacent edges:
- F6G6 (horizontal, left): Column G increases most (1.41)
- G5G6 (vertical, above): Column F increases most (0.78)
- G6G7 (vertical, below): Column F increases most (1.00)
- H5H6 (vertical, right above): Column G increases most (0.85)
- H6H7 (vertical, right below): Column G increases most (0.66)
- H6I6 (horizontal, right): Column H increases most (0.82)

Since G6H6 is horizontal connecting columns G and H at row 6:
- When left edges (F6G6) are removed, column G traffic increases
- When right edges (H6I6) are removed, column H traffic increases
- When vertical edges at G are removed (G5G6, H5H6, H6H7), column G shows increases
- When vertical edges between G and H are removed (G6G7), column F increases

The pattern suggests when G6H6 is removed:
- Traffic will divert to adjacent parallel routes
- Column G or H (the columns connected by the removed edge) should see increases
- Specifically looking at the 6 scenarios, columns G and H seem most impacted

Let me look more carefully at which individual edges showed highest increases:

Looking at top increases across scenarios:
- F6G6 removed: F6F7 (0.20) - row 6-7 in column F
- G6G7 removed: F7F6 (0.29) - row 6-7 in column F  
- H6I6 removed: H4H3 (0.25) - row 4 in column H

Column F appears prominently with vertical edges F6F7 and F7F6, which are in row 6-7 area.

ANSWER: F

REASONING: Analysis of adjacent edge removal scenarios shows that when edges near G6H6 are removed (specifically F6G6 and G6G7), column F consistently shows the largest density increases, particularly on the F6F7 edge. This pattern suggests column F serves as a major alternative route when G6H6 is blocked.",F,7
G7H7,"You must use the training DB to infer the answer for this UNSEEN scenario.
This specific edge removal simulation does NOT exist in the DB - you must reason from similar cases.

DB Schema:
- simulations (simulation_id, created_at, vehicle_count, net_file, route_file, description)
- trips (simulation_id, trip_id, duration, routeLength, waitingTime, timeLoss, depart, arrival, ...)
- edge_metrics (simulation_id, edge_id, interval_begin, interval_end, speed, density, waitingTime, timeLoss, ...)

Key columns:
- simulations.description: ""A0A1 edge removed"" format (identifies which edge was removed in each simulation)
- edge_metrics.density: road density (higher = more congested)
- edge_metrics.edge_id: edge ID (e.g., A0A1, B2C2)

SQL queries must start with SELECT. Do NOT use WITH clauses (CTEs) - rewrite them as subqueries instead.

Output format (exactly 2 lines):
1. ANSWER: <your answer>
2. REASONING: <2 sentences explaining your reasoning>

Search Strategy: NEIGHBOR (adjacent edges only)

Adjacent edges share a node with the target edge.
Example: For C3C4, adjacent edges are C2C3, C4C5 (vertical) and C3D3, C4D4, B3C3, B4C4 (horizontal).

Query adjacent edge removal scenarios from the training DB to infer patterns.

If the G7H7 edge is removed from the 11x11 grid network, which column (A-K) or row (0-10) contains the edge with the largest density INCREASE compared to baseline?

Use the training DB to find similar scenarios. Answer with only one letter (A-K) or number (0-10).","Based on the analysis of adjacent edge removal scenarios (G6G7, G7G8, H6H7, H7H8, and H7I7), row 6 shows the largest total density increase (1.16) across all adjacent scenarios, which is higher than the largest column increase (column E with 0.58).

ANSWER: 6

REASONING: Analyzing adjacent edge removal scenarios to G7H7, row 6 consistently shows the largest cumulative density increase (1.16) across all similar cases, more than double any column's increase. This indicates that when horizontal edges near row 7 are removed (like G7H7), traffic reroutes significantly through row 6 edges.",6,6
H0H1,"You must use the training DB to infer the answer for this UNSEEN scenario.
This specific edge removal simulation does NOT exist in the DB - you must reason from similar cases.

DB Schema:
- simulations (simulation_id, created_at, vehicle_count, net_file, route_file, description)
- trips (simulation_id, trip_id, duration, routeLength, waitingTime, timeLoss, depart, arrival, ...)
- edge_metrics (simulation_id, edge_id, interval_begin, interval_end, speed, density, waitingTime, timeLoss, ...)

Key columns:
- simulations.description: ""A0A1 edge removed"" format (identifies which edge was removed in each simulation)
- edge_metrics.density: road density (higher = more congested)
- edge_metrics.edge_id: edge ID (e.g., A0A1, B2C2)

SQL queries must start with SELECT. Do NOT use WITH clauses (CTEs) - rewrite them as subqueries instead.

Output format (exactly 2 lines):
1. ANSWER: <your answer>
2. REASONING: <2 sentences explaining your reasoning>

Search Strategy: NEIGHBOR (adjacent edges only)

Adjacent edges share a node with the target edge.
Example: For C3C4, adjacent edges are C2C3, C4C5 (vertical) and C3D3, C4D4, B3C3, B4C4 (horizontal).

Query adjacent edge removal scenarios from the training DB to infer patterns.

If the H0H1 edge is removed from the 11x11 grid network, which column (A-K) or row (0-10) contains the edge with the largest density INCREASE compared to baseline?

Use the training DB to find similar scenarios. Answer with only one letter (A-K) or number (0-10).","Based on the analysis:
- **Max increase**: Row 2 = 0.11, Column H = 0.11, Column I = 0.10
- **Total increase**: Column H = 0.96, Row 2 = 0.89, Column I = 0.75
- **Average increase**: Column H = 0.030, Row 2 = 0.030, Column I = 0.030

The edge with the single largest density increase is H2G2 with 0.11, which is in both row 2 and column H. Since the question asks for which column OR row contains the edge with the largest density increase, and both qualify, I need to determine which is the better answer.

Given that H0H1 is a vertical edge in column H, and we see the maximum impact on H2G2 (another edge involving column H), **column H** is the most logical answer as it's the column where the removed edge is located and shows the maximum impact.

ANSWER: H

REASONING: When adjacent edges to H0H1 are removed in training scenarios, the edge H2G2 shows the largest density increase of 0.11 compared to baseline. Since H0H1 is a vertical edge in column H, and H2G2 is also in column H, the removal of H0H1 would most likely cause the largest density increase in column H.",H,G
H2I2,"You must use the training DB to infer the answer for this UNSEEN scenario.
This specific edge removal simulation does NOT exist in the DB - you must reason from similar cases.

DB Schema:
- simulations (simulation_id, created_at, vehicle_count, net_file, route_file, description)
- trips (simulation_id, trip_id, duration, routeLength, waitingTime, timeLoss, depart, arrival, ...)
- edge_metrics (simulation_id, edge_id, interval_begin, interval_end, speed, density, waitingTime, timeLoss, ...)

Key columns:
- simulations.description: ""A0A1 edge removed"" format (identifies which edge was removed in each simulation)
- edge_metrics.density: road density (higher = more congested)
- edge_metrics.edge_id: edge ID (e.g., A0A1, B2C2)

SQL queries must start with SELECT. Do NOT use WITH clauses (CTEs) - rewrite them as subqueries instead.

Output format (exactly 2 lines):
1. ANSWER: <your answer>
2. REASONING: <2 sentences explaining your reasoning>

Search Strategy: NEIGHBOR (adjacent edges only)

Adjacent edges share a node with the target edge.
Example: For C3C4, adjacent edges are C2C3, C4C5 (vertical) and C3D3, C4D4, B3C3, B4C4 (horizontal).

Query adjacent edge removal scenarios from the training DB to infer patterns.

If the H2I2 edge is removed from the 11x11 grid network, which column (A-K) or row (0-10) contains the edge with the largest density INCREASE compared to baseline?

Use the training DB to find similar scenarios. Answer with only one letter (A-K) or number (0-10).","Great! The pattern is clear: when a horizontal edge XY is removed in row 2, one of the endpoint columns (X or Y) shows the highest total density increase. 

For E2F2 removal → Column E highest (1.19)
For F2G2 removal → Column F highest (0.99)  
For I2J2 removal → Column I highest (1.17)

So for H2I2 removal, either column H or column I should show the highest increase. Based on the pattern where I2J2 removal led to column I being highest, and the fact that H2I2 shares the I endpoint, column I is the most likely answer.

ANSWER: I

REASONING: When adjacent horizontal edges in row 2 were removed (E2F2, F2G2, I2J2), the training data shows one of the endpoint columns consistently experiences the largest density increase. For I2J2 removal, column I had the highest total density increase (1.17), suggesting column I would similarly see the largest increase when H2I2 is removed.",I,H
I0J0,"You must use the training DB to infer the answer for this UNSEEN scenario.
This specific edge removal simulation does NOT exist in the DB - you must reason from similar cases.

DB Schema:
- simulations (simulation_id, created_at, vehicle_count, net_file, route_file, description)
- trips (simulation_id, trip_id, duration, routeLength, waitingTime, timeLoss, depart, arrival, ...)
- edge_metrics (simulation_id, edge_id, interval_begin, interval_end, speed, density, waitingTime, timeLoss, ...)

Key columns:
- simulations.description: ""A0A1 edge removed"" format (identifies which edge was removed in each simulation)
- edge_metrics.density: road density (higher = more congested)
- edge_metrics.edge_id: edge ID (e.g., A0A1, B2C2)

SQL queries must start with SELECT. Do NOT use WITH clauses (CTEs) - rewrite them as subqueries instead.

Output format (exactly 2 lines):
1. ANSWER: <your answer>
2. REASONING: <2 sentences explaining your reasoning>

Search Strategy: NEIGHBOR (adjacent edges only)

Adjacent edges share a node with the target edge.
Example: For C3C4, adjacent edges are C2C3, C4C5 (vertical) and C3D3, C4D4, B3C3, B4C4 (horizontal).

Query adjacent edge removal scenarios from the training DB to infer patterns.

If the I0J0 edge is removed from the 11x11 grid network, which column (A-K) or row (0-10) contains the edge with the largest density INCREASE compared to baseline?

Use the training DB to find similar scenarios. Answer with only one letter (A-K) or number (0-10).","When J0K0 is removed, traffic reroutes westward along row 0 (E0F0, G0H0, H0I0 all increase). If I0J0 is removed, I would expect similar behavior with traffic rerouting around it.

Based on the comprehensive analysis, when J0K0 was removed, J0J1 (column J) showed a +0.11 increase, which was one of the highest. This suggests that when I0J0 is removed, column J edges (particularly J0J1) will absorb significant rerouted traffic.

ANSWER: J

REASONING: When adjacent edge J0K0 was removed, J0J1 showed a density increase of 0.11, the highest among immediate neighbors. When a horizontal edge in row 0 is removed, traffic reroutes through adjacent vertical columns, and the pattern from training data indicates column J will have the largest density increase when I0J0 is removed.",J,0
I10I9,"You must use the training DB to infer the answer for this UNSEEN scenario.
This specific edge removal simulation does NOT exist in the DB - you must reason from similar cases.

DB Schema:
- simulations (simulation_id, created_at, vehicle_count, net_file, route_file, description)
- trips (simulation_id, trip_id, duration, routeLength, waitingTime, timeLoss, depart, arrival, ...)
- edge_metrics (simulation_id, edge_id, interval_begin, interval_end, speed, density, waitingTime, timeLoss, ...)

Key columns:
- simulations.description: ""A0A1 edge removed"" format (identifies which edge was removed in each simulation)
- edge_metrics.density: road density (higher = more congested)
- edge_metrics.edge_id: edge ID (e.g., A0A1, B2C2)

SQL queries must start with SELECT. Do NOT use WITH clauses (CTEs) - rewrite them as subqueries instead.

Output format (exactly 2 lines):
1. ANSWER: <your answer>
2. REASONING: <2 sentences explaining your reasoning>

Search Strategy: NEIGHBOR (adjacent edges only)

Adjacent edges share a node with the target edge.
Example: For C3C4, adjacent edges are C2C3, C4C5 (vertical) and C3D3, C4D4, B3C3, B4C4 (horizontal).

Query adjacent edge removal scenarios from the training DB to infer patterns.

If the I10I9 edge is removed from the 11x11 grid network, which column (A-K) or row (0-10) contains the edge with the largest density INCREASE compared to baseline?

Use the training DB to find similar scenarios. Answer with only one letter (A-K) or number (0-10).","Column I again shows significant increases (sum of positive: 0.54). This consistently points to Column I.

ANSWER: I

REASONING: When adjacent edges to I10I9 are removed (J10J9, H9I9, H10I10, I9J9, I10J10), column I consistently shows the largest density increases, particularly on vertical edges like I8I7 (0.14-0.18), I5I4 (0.17), and I7I6 (0.09-0.14). This pattern indicates that removing I10I9 would cause traffic to reroute through other column I edges, creating the largest density increases there.",I,5
I2I3,"You must use the training DB to infer the answer for this UNSEEN scenario.
This specific edge removal simulation does NOT exist in the DB - you must reason from similar cases.

DB Schema:
- simulations (simulation_id, created_at, vehicle_count, net_file, route_file, description)
- trips (simulation_id, trip_id, duration, routeLength, waitingTime, timeLoss, depart, arrival, ...)
- edge_metrics (simulation_id, edge_id, interval_begin, interval_end, speed, density, waitingTime, timeLoss, ...)

Key columns:
- simulations.description: ""A0A1 edge removed"" format (identifies which edge was removed in each simulation)
- edge_metrics.density: road density (higher = more congested)
- edge_metrics.edge_id: edge ID (e.g., A0A1, B2C2)

SQL queries must start with SELECT. Do NOT use WITH clauses (CTEs) - rewrite them as subqueries instead.

Output format (exactly 2 lines):
1. ANSWER: <your answer>
2. REASONING: <2 sentences explaining your reasoning>

Search Strategy: NEIGHBOR (adjacent edges only)

Adjacent edges share a node with the target edge.
Example: For C3C4, adjacent edges are C2C3, C4C5 (vertical) and C3D3, C4D4, B3C3, B4C4 (horizontal).

Query adjacent edge removal scenarios from the training DB to infer patterns.

If the I2I3 edge is removed from the 11x11 grid network, which column (A-K) or row (0-10) contains the edge with the largest density INCREASE compared to baseline?

Use the training DB to find similar scenarios. Answer with only one letter (A-K) or number (0-10).","Great! Now I can see patterns:
- When I1I2 is removed (vertical edge above I2I3): Column H has the largest increase (0.023)
- When I3I4 is removed (vertical edge below I2I3): Column H has the largest increase (0.040)
- When H2I2 is removed (horizontal edge from I2 to H): Column I has the largest increase (0.019)
- When I2J2 is removed (horizontal edge from I2 to J): Column I has the largest increase (0.019)  
- When H3I3 is removed (horizontal edge from I3 to H): Column H has the largest increase (0.017)
- When I3J3 is removed (horizontal edge from I3 to J): Column I has the largest increase (0.007)

The pattern suggests that when adjacent vertical edges are removed, column H sees the largest increases. When adjacent horizontal edges are removed, columns H or I see increases. 

For I2I3 removal (vertical edge in column I), based on the patterns from I1I2 and I3I4 removals, column H should see the largest density increase as traffic reroutes around the blockage.

ANSWER: H

REASONING: Analysis of adjacent edge removals (I1I2 and I3I4) shows that when vertical edges near I2I3 are removed, column H consistently experiences the largest density increases (0.023 and 0.040 respectively). This suggests traffic reroutes westward through column H when vertical paths in column I are blocked.",H,2
I4J4,"You must use the training DB to infer the answer for this UNSEEN scenario.
This specific edge removal simulation does NOT exist in the DB - you must reason from similar cases.

DB Schema:
- simulations (simulation_id, created_at, vehicle_count, net_file, route_file, description)
- trips (simulation_id, trip_id, duration, routeLength, waitingTime, timeLoss, depart, arrival, ...)
- edge_metrics (simulation_id, edge_id, interval_begin, interval_end, speed, density, waitingTime, timeLoss, ...)

Key columns:
- simulations.description: ""A0A1 edge removed"" format (identifies which edge was removed in each simulation)
- edge_metrics.density: road density (higher = more congested)
- edge_metrics.edge_id: edge ID (e.g., A0A1, B2C2)

SQL queries must start with SELECT. Do NOT use WITH clauses (CTEs) - rewrite them as subqueries instead.

Output format (exactly 2 lines):
1. ANSWER: <your answer>
2. REASONING: <2 sentences explaining your reasoning>

Search Strategy: NEIGHBOR (adjacent edges only)

Adjacent edges share a node with the target edge.
Example: For C3C4, adjacent edges are C2C3, C4C5 (vertical) and C3D3, C4D4, B3C3, B4C4 (horizontal).

Query adjacent edge removal scenarios from the training DB to infer patterns.

If the I4J4 edge is removed from the 11x11 grid network, which column (A-K) or row (0-10) contains the edge with the largest density INCREASE compared to baseline?

Use the training DB to find similar scenarios. Answer with only one letter (A-K) or number (0-10).","The pattern is clear! When edges adjacent to I4J4 are removed, column I shows very significant density increases, particularly on edge I5I4 (0.53 increase when J4J5 removed, 0.35 when J3J4 removed). This suggests that when I4J4 is removed, traffic will be rerouted through column I, making it the most affected.

ANSWER: I

REASONING: Analysis of adjacent edge removal scenarios (H4I4, I3I4, I4I5, J3J4, J4J5, J4K4) shows that column I consistently experiences the largest density increases, particularly on vertical edges like I5I4 which saw increases up to 0.53. When I4J4 is removed, traffic will reroute through parallel paths in column I, making it the most congested.",I,0
I8I9,"You must use the training DB to infer the answer for this UNSEEN scenario.
This specific edge removal simulation does NOT exist in the DB - you must reason from similar cases.

DB Schema:
- simulations (simulation_id, created_at, vehicle_count, net_file, route_file, description)
- trips (simulation_id, trip_id, duration, routeLength, waitingTime, timeLoss, depart, arrival, ...)
- edge_metrics (simulation_id, edge_id, interval_begin, interval_end, speed, density, waitingTime, timeLoss, ...)

Key columns:
- simulations.description: ""A0A1 edge removed"" format (identifies which edge was removed in each simulation)
- edge_metrics.density: road density (higher = more congested)
- edge_metrics.edge_id: edge ID (e.g., A0A1, B2C2)

SQL queries must start with SELECT. Do NOT use WITH clauses (CTEs) - rewrite them as subqueries instead.

Output format (exactly 2 lines):
1. ANSWER: <your answer>
2. REASONING: <2 sentences explaining your reasoning>

Search Strategy: NEIGHBOR (adjacent edges only)

Adjacent edges share a node with the target edge.
Example: For C3C4, adjacent edges are C2C3, C4C5 (vertical) and C3D3, C4D4, B3C3, B4C4 (horizontal).

Query adjacent edge removal scenarios from the training DB to infer patterns.

If the I8I9 edge is removed from the 11x11 grid network, which column (A-K) or row (0-10) contains the edge with the largest density INCREASE compared to baseline?

Use the training DB to find similar scenarios. Answer with only one letter (A-K) or number (0-10).","Let me create a summary table:

**Summary of Maximum Density Increases by Adjacent Edge Removal:**

**I7I8 removal (vertical neighbor above I8I9):**
- Column I: 0.53 (highest!)
- Row 8: 0.53 (highest!)

**H9I9 removal (horizontal neighbor from I9):**
- Column H: 0.26
- Row 8: 0.26

**I8J8 removal (horizontal neighbor from I8):**
- Column G: 0.17
- Row 4: 0.17

**H8I8 removal (horizontal neighbor to I8):**
- Column G: 0.17
- Row 4: 0.17

**I9J9 removal (horizontal neighbor from I9):**
- Column H: 0.21
- Row 8: 0.21

The pattern is clear: When adjacent vertical edges (I7I8) to I8I9 are removed, **column I** shows the largest density increase (0.53). This is significantly higher than any other column or row across all adjacent edge removal scenarios.

Since I8I9 is a vertical edge in column I connecting rows 8 and 9, and the most similar scenario (I7I8 removal) shows column I having the largest density increase, the answer is **I**.

ANSWER: I

REASONING: Based on adjacent edge removals in the training data, when vertical edge I7I8 (directly above I8I9) was removed, column I showed the highest density increase at 0.53, far exceeding increases in other columns or rows. Since I8I9 is also a vertical edge in column I, the same column is expected to absorb the most rerouted traffic.",I,H
J0J1,"You must use the training DB to infer the answer for this UNSEEN scenario.
This specific edge removal simulation does NOT exist in the DB - you must reason from similar cases.

DB Schema:
- simulations (simulation_id, created_at, vehicle_count, net_file, route_file, description)
- trips (simulation_id, trip_id, duration, routeLength, waitingTime, timeLoss, depart, arrival, ...)
- edge_metrics (simulation_id, edge_id, interval_begin, interval_end, speed, density, waitingTime, timeLoss, ...)

Key columns:
- simulations.description: ""A0A1 edge removed"" format (identifies which edge was removed in each simulation)
- edge_metrics.density: road density (higher = more congested)
- edge_metrics.edge_id: edge ID (e.g., A0A1, B2C2)

SQL queries must start with SELECT. Do NOT use WITH clauses (CTEs) - rewrite them as subqueries instead.

Output format (exactly 2 lines):
1. ANSWER: <your answer>
2. REASONING: <2 sentences explaining your reasoning>

Search Strategy: NEIGHBOR (adjacent edges only)

Adjacent edges share a node with the target edge.
Example: For C3C4, adjacent edges are C2C3, C4C5 (vertical) and C3D3, C4D4, B3C3, B4C4 (horizontal).

Query adjacent edge removal scenarios from the training DB to infer patterns.

If the J0J1 edge is removed from the 11x11 grid network, which column (A-K) or row (0-10) contains the edge with the largest density INCREASE compared to baseline?

Use the training DB to find similar scenarios. Answer with only one letter (A-K) or number (0-10).","Perfect! Now I can see the pattern clearly:

- **I0I1 removed** (column I, rows 0-1): Column **G** has highest increase (0.0138)
- **K0K1 removed** (column K, rows 0-1): Column **E** has highest increase (0.0038)  
- **J1J2 removed** (column J, rows 1-2): Column **C** has highest increase (0.0119)

J0J1 is in column J between rows 0-1. It's between columns I and K. 

Looking at the pattern:
- When I0I1 is removed, column G (2 columns to the left) has the highest increase
- When K0K1 is removed, column E (5 columns to the left) has the highest increase

J is between I and K. For J0J1 removal, I'd expect the highest increase somewhere between columns E and G, likely columns F, G, or H based on the pattern.

However, looking more carefully:
- I (column 9) → G (column 7) has max increase
- K (column 11) → E (column 5) has max increase
- J (column 10) → likely F, G, or H (columns 6, 7, or 8)

Given that column G appeared with the highest increase for I0I1 which is adjacent to J0J1, and it's a common high-increase column, **G** seems like the most likely answer.

ANSWER: G

REASONING: Analysis of adjacent vertical edge removals (I0I1 and K0K1) shows that column G had the highest average density increase (0.0138) when I0I1 was removed, which is immediately adjacent to J0J1. The pattern suggests traffic reroutes to columns in the middle-left portion of the grid when right-side vertical edges are removed.",G,D
J2K2,"You must use the training DB to infer the answer for this UNSEEN scenario.
This specific edge removal simulation does NOT exist in the DB - you must reason from similar cases.

DB Schema:
- simulations (simulation_id, created_at, vehicle_count, net_file, route_file, description)
- trips (simulation_id, trip_id, duration, routeLength, waitingTime, timeLoss, depart, arrival, ...)
- edge_metrics (simulation_id, edge_id, interval_begin, interval_end, speed, density, waitingTime, timeLoss, ...)

Key columns:
- simulations.description: ""A0A1 edge removed"" format (identifies which edge was removed in each simulation)
- edge_metrics.density: road density (higher = more congested)
- edge_metrics.edge_id: edge ID (e.g., A0A1, B2C2)

SQL queries must start with SELECT. Do NOT use WITH clauses (CTEs) - rewrite them as subqueries instead.

Output format (exactly 2 lines):
1. ANSWER: <your answer>
2. REASONING: <2 sentences explaining your reasoning>

Search Strategy: NEIGHBOR (adjacent edges only)

Adjacent edges share a node with the target edge.
Example: For C3C4, adjacent edges are C2C3, C4C5 (vertical) and C3D3, C4D4, B3C3, B4C4 (horizontal).

Query adjacent edge removal scenarios from the training DB to infer patterns.

If the J2K2 edge is removed from the 11x11 grid network, which column (A-K) or row (0-10) contains the edge with the largest density INCREASE compared to baseline?

Use the training DB to find similar scenarios. Answer with only one letter (A-K) or number (0-10).","When I2J2 is removed (the horizontal edge just left of J2K2), column I shows multiple high increases. Based on all adjacent scenarios analyzed, column I consistently shows the highest density increases. This suggests that removing J2K2 would create the highest density increase in column I.

ANSWER: I
REASONING: Analysis of adjacent edge removal scenarios (I2J2, J1J2, J2J3, K1K2, K2K3) shows column I consistently experiences the highest density increases, with values up to 0.29 compared to 0.12 max for columns J and K. When horizontal edges near J2K2 are removed, traffic reroutes heavily through column I edges.",I,1
J6K6,"You must use the training DB to infer the answer for this UNSEEN scenario.
This specific edge removal simulation does NOT exist in the DB - you must reason from similar cases.

DB Schema:
- simulations (simulation_id, created_at, vehicle_count, net_file, route_file, description)
- trips (simulation_id, trip_id, duration, routeLength, waitingTime, timeLoss, depart, arrival, ...)
- edge_metrics (simulation_id, edge_id, interval_begin, interval_end, speed, density, waitingTime, timeLoss, ...)

Key columns:
- simulations.description: ""A0A1 edge removed"" format (identifies which edge was removed in each simulation)
- edge_metrics.density: road density (higher = more congested)
- edge_metrics.edge_id: edge ID (e.g., A0A1, B2C2)

SQL queries must start with SELECT. Do NOT use WITH clauses (CTEs) - rewrite them as subqueries instead.

Output format (exactly 2 lines):
1. ANSWER: <your answer>
2. REASONING: <2 sentences explaining your reasoning>

Search Strategy: NEIGHBOR (adjacent edges only)

Adjacent edges share a node with the target edge.
Example: For C3C4, adjacent edges are C2C3, C4C5 (vertical) and C3D3, C4D4, B3C3, B4C4 (horizontal).

Query adjacent edge removal scenarios from the training DB to infer patterns.

If the J6K6 edge is removed from the 11x11 grid network, which column (A-K) or row (0-10) contains the edge with the largest density INCREASE compared to baseline?

Use the training DB to find similar scenarios. Answer with only one letter (A-K) or number (0-10).","Pattern summary:
- I6J6 removed: F (0.14), C (0.12), J (0.09), I (0.07)
- J5J6 removed: I (0.50), G (0.32), J (0.19)
- J6J7 removed: I (0.42), G (0.29), J (0.18)
- K6K7 removed: I (0.14), K (0.13), J (0.11)

For edges adjacent to J6, column I shows very high density increases. Since J6K6 is also adjacent to J6 (shares that node), it's reasonable to expect column I to have the highest density increase when J6K6 is removed.

ANSWER: I

REASONING: When adjacent edges to J6 (J5J6 and J6J7) were removed, column I consistently showed the highest density increases (0.50 and 0.42). Since J6K6 also connects to node J6, we can infer that removing it will similarly cause the largest density increase in column I due to traffic rerouting patterns.",I,7
K10K9,"You must use the training DB to infer the answer for this UNSEEN scenario.
This specific edge removal simulation does NOT exist in the DB - you must reason from similar cases.

DB Schema:
- simulations (simulation_id, created_at, vehicle_count, net_file, route_file, description)
- trips (simulation_id, trip_id, duration, routeLength, waitingTime, timeLoss, depart, arrival, ...)
- edge_metrics (simulation_id, edge_id, interval_begin, interval_end, speed, density, waitingTime, timeLoss, ...)

Key columns:
- simulations.description: ""A0A1 edge removed"" format (identifies which edge was removed in each simulation)
- edge_metrics.density: road density (higher = more congested)
- edge_metrics.edge_id: edge ID (e.g., A0A1, B2C2)

SQL queries must start with SELECT. Do NOT use WITH clauses (CTEs) - rewrite them as subqueries instead.

Output format (exactly 2 lines):
1. ANSWER: <your answer>
2. REASONING: <2 sentences explaining your reasoning>

Search Strategy: NEIGHBOR (adjacent edges only)

Adjacent edges share a node with the target edge.
Example: For C3C4, adjacent edges are C2C3, C4C5 (vertical) and C3D3, C4D4, B3C3, B4C4 (horizontal).

Query adjacent edge removal scenarios from the training DB to infer patterns.

If the K10K9 edge is removed from the 11x11 grid network, which column (A-K) or row (0-10) contains the edge with the largest density INCREASE compared to baseline?

Use the training DB to find similar scenarios. Answer with only one letter (A-K) or number (0-10).","J increased from 0.2488 to 0.255 when K7K8 was removed (increase of 0.0062).
K decreased from 0.1713 to 0.1179 when K7K8 was removed (decrease of 0.0534).

So the pattern is clear: when a K-column vertical edge is removed, column J absorbs the traffic. K10K9 is a vertical edge in column K, so column J would likely see the increase.

ANSWER: J

REASONING: When vertical edges in column K are removed (like K8K9 or K7K8), the adjacent column J consistently shows density increases as traffic reroutes through it. Since K10K9 is a vertical edge in column K near row 9-10, column J would absorb the diverted traffic and show the largest density increase.",J,F
K5K6,"You must use the training DB to infer the answer for this UNSEEN scenario.
This specific edge removal simulation does NOT exist in the DB - you must reason from similar cases.

DB Schema:
- simulations (simulation_id, created_at, vehicle_count, net_file, route_file, description)
- trips (simulation_id, trip_id, duration, routeLength, waitingTime, timeLoss, depart, arrival, ...)
- edge_metrics (simulation_id, edge_id, interval_begin, interval_end, speed, density, waitingTime, timeLoss, ...)

Key columns:
- simulations.description: ""A0A1 edge removed"" format (identifies which edge was removed in each simulation)
- edge_metrics.density: road density (higher = more congested)
- edge_metrics.edge_id: edge ID (e.g., A0A1, B2C2)

SQL queries must start with SELECT. Do NOT use WITH clauses (CTEs) - rewrite them as subqueries instead.

Output format (exactly 2 lines):
1. ANSWER: <your answer>
2. REASONING: <2 sentences explaining your reasoning>

Search Strategy: NEIGHBOR (adjacent edges only)

Adjacent edges share a node with the target edge.
Example: For C3C4, adjacent edges are C2C3, C4C5 (vertical) and C3D3, C4D4, B3C3, B4C4 (horizontal).

Query adjacent edge removal scenarios from the training DB to infer patterns.

If the K5K6 edge is removed from the 11x11 grid network, which column (A-K) or row (0-10) contains the edge with the largest density INCREASE compared to baseline?

Use the training DB to find similar scenarios. Answer with only one letter (A-K) or number (0-10).","Excellent! I see patterns emerging. When K4K5 is removed (adjacent below K5K6), the largest increases are in row 5 (horizontal edges). When K6K7 is removed (adjacent above K5K6), we see large increases in row 7 and also J5K5 shows +0.09.

The pattern suggests that when a vertical edge is removed, traffic is redirected primarily through horizontal routes at the affected rows. Let me check if there are patterns suggesting row 5 or row 6 would have the largest density increases when K5K6 itself is removed:

Based on the two adjacent scenarios:
- K4K5 removed: Largest impact on row 5 (horizontal edges like I5H5, H5G5, etc.)
- K6K7 removed: Largest impact on row 7 and connections to row 5-6

For K5K6 removal, the traffic would need to reroute around both K5 and K6 nodes. Looking at the pattern, row 5 seems to consistently show large density increases when adjacent vertical edges in column K are removed.

ANSWER: 5

REASONING: When adjacent vertical edges K4K5 and K6K7 are removed from the training data, row 5 consistently shows the largest density increases (edges like I5H5 increased by 0.23 when K4K5 removed, and J5K5 increased by 0.09 when K6K7 removed). Removing K5K6 would similarly force traffic to reroute horizontally through row 5.",5,6
