edge_id,prompt,response,answer,gt_answer
A0B0,"You must use the training DB to infer the answer for this UNSEEN scenario.
This specific edge removal simulation does NOT exist in the DB - you must reason from similar cases.

DB Schema:
- simulations (simulation_id, created_at, vehicle_count, net_file, route_file, description)
- trips (simulation_id, trip_id, duration, routeLength, waitingTime, timeLoss, depart, arrival, ...)
- edge_metrics (simulation_id, edge_id, interval_begin, interval_end, speed, density, waitingTime, timeLoss, ...)

Key columns:
- simulations.description: ""A0A1 edge removed"" format (identifies which edge was removed in each simulation)
- edge_metrics.density: road density (higher = more congested)
- edge_metrics.edge_id: edge ID (e.g., A0A1, B2C2)

SQL queries must start with SELECT. Do NOT use WITH clauses (CTEs) - rewrite them as subqueries instead.

Output format (exactly 2 lines):
1. ANSWER: <your answer>
2. REASONING: <2 sentences explaining your reasoning>

Search Strategy: CROSS (same column/row only)

Query edges in the same column or row as the target edge.
Example: For vertical edge C3C4 (column C), query C0C1, C1C2, C2C3, C4C5, C5C6, etc.
Example: For horizontal edge C3D3 (row 3), query A3B3, B3C3, D3E3, E3F3, etc.

Query same-column/row edge removal scenarios from the training DB.

If the A0B0 edge is removed from the 11x11 grid network, which column (A-K) or row (0-10) contains the edge with the largest density INCREASE compared to baseline?

Use the training DB to find similar scenarios. Answer with only one letter (A-K) or number (0-10).","Perfect! When A1B1 is removed, column B shows the largest increase (0.04) compared to column A (0.03). This confirms the pattern: when a horizontal edge from column X to column Y is removed, column Y (the second column) shows the largest density increase.

Therefore, when A0B0 is removed, column **B** should have the edge with the largest density increase.

ANSWER: B

REASONING: When horizontal edge A0B0 is removed, traffic that would have used this connection must find alternative routes. Analysis of similar edge removals in the training data (B0C0, C0D0, A1B1) shows that the destination column (second column in the edge name) consistently experiences the largest density increases as traffic reroutes through vertical edges in that column.",B,9
A2A3,"You must use the training DB to infer the answer for this UNSEEN scenario.
This specific edge removal simulation does NOT exist in the DB - you must reason from similar cases.

DB Schema:
- simulations (simulation_id, created_at, vehicle_count, net_file, route_file, description)
- trips (simulation_id, trip_id, duration, routeLength, waitingTime, timeLoss, depart, arrival, ...)
- edge_metrics (simulation_id, edge_id, interval_begin, interval_end, speed, density, waitingTime, timeLoss, ...)

Key columns:
- simulations.description: ""A0A1 edge removed"" format (identifies which edge was removed in each simulation)
- edge_metrics.density: road density (higher = more congested)
- edge_metrics.edge_id: edge ID (e.g., A0A1, B2C2)

SQL queries must start with SELECT. Do NOT use WITH clauses (CTEs) - rewrite them as subqueries instead.

Output format (exactly 2 lines):
1. ANSWER: <your answer>
2. REASONING: <2 sentences explaining your reasoning>

Search Strategy: CROSS (same column/row only)

Query edges in the same column or row as the target edge.
Example: For vertical edge C3C4 (column C), query C0C1, C1C2, C2C3, C4C5, C5C6, etc.
Example: For horizontal edge C3D3 (row 3), query A3B3, B3C3, D3E3, E3F3, etc.

Query same-column/row edge removal scenarios from the training DB.

If the A2A3 edge is removed from the 11x11 grid network, which column (A-K) or row (0-10) contains the edge with the largest density INCREASE compared to baseline?

Use the training DB to find similar scenarios. Answer with only one letter (A-K) or number (0-10).","Consistently, when vertical edges in column A are removed, the highest density increases occur in column B (specifically the horizontal edge connecting to the removed edge's location, and the vertical edges in column B).

For A2A3 removal:
- A2A3 is vertical in column A between rows 2 and 3
- Based on patterns from A1A2, A3A4, A4A5, A5A6 removals, the highest density increases should be in **column B**, particularly:
  - Horizontal edges A2B2 or A3B3 (connecting column A to B at those rows)
  - Vertical edges in column B near rows 2-3

Let me verify by looking at which specific edge has the top increase in the similar scenarios. The patterns show:
- A1A2 removal → A1B1 (row 1) had highest
- A3A4 removal → B3B4 (column B) had highest  
- A4A5 removal → A4B4 (row 4) had highest
- A5A6 removal → A5B5 (row 5) had highest

The pattern shows that when AxA(x+1) is removed, edges in row x (the lower row number) and column B have the highest increases.

For A2A3 removal, this suggests row **2** or column **B** would have the highest density increase.

ANSWER: B

REASONING: When vertical edges in column A are removed from the training data (A1A2, A3A4, A4A5, A5A6), the highest density increases consistently occur in column B, particularly the vertical edges and horizontal connectors at the same row level. For A2A3 removal, column B edges near rows 2-3 should experience the largest density increase as traffic reroutes through the adjacent parallel column.",B,A
A4B4,"You must use the training DB to infer the answer for this UNSEEN scenario.
This specific edge removal simulation does NOT exist in the DB - you must reason from similar cases.

DB Schema:
- simulations (simulation_id, created_at, vehicle_count, net_file, route_file, description)
- trips (simulation_id, trip_id, duration, routeLength, waitingTime, timeLoss, depart, arrival, ...)
- edge_metrics (simulation_id, edge_id, interval_begin, interval_end, speed, density, waitingTime, timeLoss, ...)

Key columns:
- simulations.description: ""A0A1 edge removed"" format (identifies which edge was removed in each simulation)
- edge_metrics.density: road density (higher = more congested)
- edge_metrics.edge_id: edge ID (e.g., A0A1, B2C2)

SQL queries must start with SELECT. Do NOT use WITH clauses (CTEs) - rewrite them as subqueries instead.

Output format (exactly 2 lines):
1. ANSWER: <your answer>
2. REASONING: <2 sentences explaining your reasoning>

Search Strategy: CROSS (same column/row only)

Query edges in the same column or row as the target edge.
Example: For vertical edge C3C4 (column C), query C0C1, C1C2, C2C3, C4C5, C5C6, etc.
Example: For horizontal edge C3D3 (row 3), query A3B3, B3C3, D3E3, E3F3, etc.

Query same-column/row edge removal scenarios from the training DB.

If the A4B4 edge is removed from the 11x11 grid network, which column (A-K) or row (0-10) contains the edge with the largest density INCREASE compared to baseline?

Use the training DB to find similar scenarios. Answer with only one letter (A-K) or number (0-10).","When D4E4 is removed, F5E5 shows massive increase (0.33), plus D5D4 and E5D5 in row 5. The pattern is clear: when a horizontal edge in row N is removed, row N+1 (the next row) shows the largest density increases. 

So when A4B4 (row 4) is removed, I expect **row 5** to have the edge with the largest density increase.

ANSWER: 5

REASONING: Analysis of similar horizontal edge removals in row 4 (B4C4, D4E4) and adjacent rows (A3B3, A5B5) shows a consistent pattern: when a horizontal edge in row N is removed, parallel edges in row N+1 experience the largest density increases as traffic reroutes to adjacent rows. For A4B4 removal in row 4, row 5 will contain the edge with the largest density increase.",5,4
B1B2,"You must use the training DB to infer the answer for this UNSEEN scenario.
This specific edge removal simulation does NOT exist in the DB - you must reason from similar cases.

DB Schema:
- simulations (simulation_id, created_at, vehicle_count, net_file, route_file, description)
- trips (simulation_id, trip_id, duration, routeLength, waitingTime, timeLoss, depart, arrival, ...)
- edge_metrics (simulation_id, edge_id, interval_begin, interval_end, speed, density, waitingTime, timeLoss, ...)

Key columns:
- simulations.description: ""A0A1 edge removed"" format (identifies which edge was removed in each simulation)
- edge_metrics.density: road density (higher = more congested)
- edge_metrics.edge_id: edge ID (e.g., A0A1, B2C2)

SQL queries must start with SELECT. Do NOT use WITH clauses (CTEs) - rewrite them as subqueries instead.

Output format (exactly 2 lines):
1. ANSWER: <your answer>
2. REASONING: <2 sentences explaining your reasoning>

Search Strategy: CROSS (same column/row only)

Query edges in the same column or row as the target edge.
Example: For vertical edge C3C4 (column C), query C0C1, C1C2, C2C3, C4C5, C5C6, etc.
Example: For horizontal edge C3D3 (row 3), query A3B3, B3C3, D3E3, E3F3, etc.

Query same-column/row edge removal scenarios from the training DB.

If the B1B2 edge is removed from the 11x11 grid network, which column (A-K) or row (0-10) contains the edge with the largest density INCREASE compared to baseline?

Use the training DB to find similar scenarios. Answer with only one letter (A-K) or number (0-10).","Excellent! The data is very clear. When column B edges are removed (which is similar to B1B2), the edges in **column C** experience the largest density increases. The top edges with highest density increases are all in column C:
- C6C7: 1.85 total increase
- C5C6: 1.6 total increase  
- C7C8: 1.54 total increase
- etc.

ANSWER: C

REASONING: When vertical edges in column B are removed (similar to B1B2), traffic is rerouted to adjacent column C, causing significant congestion there. Analysis of similar column B edge removal scenarios shows column C edges experience the highest density increases, with C6C7 having an average increase of 0.308.",C,C
B6B7,"You must use the training DB to infer the answer for this UNSEEN scenario.
This specific edge removal simulation does NOT exist in the DB - you must reason from similar cases.

DB Schema:
- simulations (simulation_id, created_at, vehicle_count, net_file, route_file, description)
- trips (simulation_id, trip_id, duration, routeLength, waitingTime, timeLoss, depart, arrival, ...)
- edge_metrics (simulation_id, edge_id, interval_begin, interval_end, speed, density, waitingTime, timeLoss, ...)

Key columns:
- simulations.description: ""A0A1 edge removed"" format (identifies which edge was removed in each simulation)
- edge_metrics.density: road density (higher = more congested)
- edge_metrics.edge_id: edge ID (e.g., A0A1, B2C2)

SQL queries must start with SELECT. Do NOT use WITH clauses (CTEs) - rewrite them as subqueries instead.

Output format (exactly 2 lines):
1. ANSWER: <your answer>
2. REASONING: <2 sentences explaining your reasoning>

Search Strategy: CROSS (same column/row only)

Query edges in the same column or row as the target edge.
Example: For vertical edge C3C4 (column C), query C0C1, C1C2, C2C3, C4C5, C5C6, etc.
Example: For horizontal edge C3D3 (row 3), query A3B3, B3C3, D3E3, E3F3, etc.

Query same-column/row edge removal scenarios from the training DB.

If the B6B7 edge is removed from the 11x11 grid network, which column (A-K) or row (0-10) contains the edge with the largest density INCREASE compared to baseline?

Use the training DB to find similar scenarios. Answer with only one letter (A-K) or number (0-10).","Perfect! The pattern is very consistent. When B4B5 is removed, column C also shows the largest density increases (0.38 max).

Based on the analysis of similar scenarios:
- **B5B6 removal**: Column C shows max density increase of 0.35 (C6C7)
- **B7B8 removal**: Column C shows max density increase of 0.44 (C6C7)  
- **B4B5 removal**: Column C shows max density increase of 0.38 (C4C5)

All vertical edge removals in column B consistently show that **column C** experiences the largest density increases.

ANSWER: C

REASONING: Analysis of similar column B vertical edge removals (B4B5, B5B6, B7B8) consistently shows column C experiences the largest density increases (0.35-0.44), significantly higher than any row-based edges. When B6B7 is removed, traffic reroutes to the adjacent parallel column C, causing substantial congestion there.",C,C
B6C6,"You must use the training DB to infer the answer for this UNSEEN scenario.
This specific edge removal simulation does NOT exist in the DB - you must reason from similar cases.

DB Schema:
- simulations (simulation_id, created_at, vehicle_count, net_file, route_file, description)
- trips (simulation_id, trip_id, duration, routeLength, waitingTime, timeLoss, depart, arrival, ...)
- edge_metrics (simulation_id, edge_id, interval_begin, interval_end, speed, density, waitingTime, timeLoss, ...)

Key columns:
- simulations.description: ""A0A1 edge removed"" format (identifies which edge was removed in each simulation)
- edge_metrics.density: road density (higher = more congested)
- edge_metrics.edge_id: edge ID (e.g., A0A1, B2C2)

SQL queries must start with SELECT. Do NOT use WITH clauses (CTEs) - rewrite them as subqueries instead.

Output format (exactly 2 lines):
1. ANSWER: <your answer>
2. REASONING: <2 sentences explaining your reasoning>

Search Strategy: CROSS (same column/row only)

Query edges in the same column or row as the target edge.
Example: For vertical edge C3C4 (column C), query C0C1, C1C2, C2C3, C4C5, C5C6, etc.
Example: For horizontal edge C3D3 (row 3), query A3B3, B3C3, D3E3, E3F3, etc.

Query same-column/row edge removal scenarios from the training DB.

If the B6C6 edge is removed from the 11x11 grid network, which column (A-K) or row (0-10) contains the edge with the largest density INCREASE compared to baseline?

Use the training DB to find similar scenarios. Answer with only one letter (A-K) or number (0-10).","Perfect! This confirms the answer. When B5B6 is removed (most similar scenario to B6C6 removal since they share node B6):

**Column C edges show massive density increases:**
- Maximum increase: 0.35 (C6C7)
- Multiple edges with 0.10+ increases
- Consistent pattern across the entire column

**Row 6 edges show minimal changes:**
- Maximum increase: 0.06 (B6C6)
- Most edges show zero or negative changes

The analysis is clear: **Column C** will have the largest density increases when B6C6 is removed.

ANSWER: C

REASONING: Using the B5B6 removal scenario (which shares node B6 with the target edge B6C6), column C shows dramatic density increases across multiple edges (C6C7: +0.35, C5C6: +0.28, C4C5: +0.27), far exceeding any other column or row 6. This pattern occurs because removing B6C6 forces traffic to reroute through the parallel column C edges.",C,7
B8B9,"You must use the training DB to infer the answer for this UNSEEN scenario.
This specific edge removal simulation does NOT exist in the DB - you must reason from similar cases.

DB Schema:
- simulations (simulation_id, created_at, vehicle_count, net_file, route_file, description)
- trips (simulation_id, trip_id, duration, routeLength, waitingTime, timeLoss, depart, arrival, ...)
- edge_metrics (simulation_id, edge_id, interval_begin, interval_end, speed, density, waitingTime, timeLoss, ...)

Key columns:
- simulations.description: ""A0A1 edge removed"" format (identifies which edge was removed in each simulation)
- edge_metrics.density: road density (higher = more congested)
- edge_metrics.edge_id: edge ID (e.g., A0A1, B2C2)

SQL queries must start with SELECT. Do NOT use WITH clauses (CTEs) - rewrite them as subqueries instead.

Output format (exactly 2 lines):
1. ANSWER: <your answer>
2. REASONING: <2 sentences explaining your reasoning>

Search Strategy: CROSS (same column/row only)

Query edges in the same column or row as the target edge.
Example: For vertical edge C3C4 (column C), query C0C1, C1C2, C2C3, C4C5, C5C6, etc.
Example: For horizontal edge C3D3 (row 3), query A3B3, B3C3, D3E3, E3F3, etc.

Query same-column/row edge removal scenarios from the training DB.

If the B8B9 edge is removed from the 11x11 grid network, which column (A-K) or row (0-10) contains the edge with the largest density INCREASE compared to baseline?

Use the training DB to find similar scenarios. Answer with only one letter (A-K) or number (0-10).","Excellent! Every column B vertical edge removal shows column C has the largest total density increase. This is a very strong and consistent pattern. 

Since B8B9 is a vertical edge in column B, based on all the similar scenarios in the training data (B0B1, B2B3, B4B5, B5B6, B7B8, B10B9), column C consistently shows the largest density increase.

ANSWER: C

REASONING: Analysis of all column B vertical edge removals in the training data (B0B1, B2B3, B4B5, B5B6, B7B8, B10B9) consistently shows column C experiences the largest total density increase. When a vertical edge in column B is removed, traffic reroutes to the adjacent column C, causing the highest congestion impact there.",C,C
C0C1,"You must use the training DB to infer the answer for this UNSEEN scenario.
This specific edge removal simulation does NOT exist in the DB - you must reason from similar cases.

DB Schema:
- simulations (simulation_id, created_at, vehicle_count, net_file, route_file, description)
- trips (simulation_id, trip_id, duration, routeLength, waitingTime, timeLoss, depart, arrival, ...)
- edge_metrics (simulation_id, edge_id, interval_begin, interval_end, speed, density, waitingTime, timeLoss, ...)

Key columns:
- simulations.description: ""A0A1 edge removed"" format (identifies which edge was removed in each simulation)
- edge_metrics.density: road density (higher = more congested)
- edge_metrics.edge_id: edge ID (e.g., A0A1, B2C2)

SQL queries must start with SELECT. Do NOT use WITH clauses (CTEs) - rewrite them as subqueries instead.

Output format (exactly 2 lines):
1. ANSWER: <your answer>
2. REASONING: <2 sentences explaining your reasoning>

Search Strategy: CROSS (same column/row only)

Query edges in the same column or row as the target edge.
Example: For vertical edge C3C4 (column C), query C0C1, C1C2, C2C3, C4C5, C5C6, etc.
Example: For horizontal edge C3D3 (row 3), query A3B3, B3C3, D3E3, E3F3, etc.

Query same-column/row edge removal scenarios from the training DB.

If the C0C1 edge is removed from the 11x11 grid network, which column (A-K) or row (0-10) contains the edge with the largest density INCREASE compared to baseline?

Use the training DB to find similar scenarios. Answer with only one letter (A-K) or number (0-10).","Based on the similar vertical edge removals in column C from the training database (C1C2, C2C3, C4C5, C5C6, C6C7, C8C9), when one of these edges is removed, the traffic typically creates significant density increases in nearby edges. Looking at the patterns, the highest density increases tend to occur in:

1. **Column I** - which shows very high densities (I5I4 reaches 0.87-0.92, I6I5 reaches similar levels, I4J3 reaches ~1.0 in C6C7 removal)
2. These edges are consistently showing the largest increases across multiple column C vertical edge removal scenarios

When C0C1 is removed (nearest to row 0), the pattern suggests traffic will reroute, and based on the cross-pattern analysis, **Column I** consistently shows the largest density increases.

ANSWER: I

REASONING: Analysis of similar vertical edge removals in column C (C1C2, C2C3, C4C5, C5C6, C6C7, C8C9) shows that column I consistently experiences the largest density increases, with edges like I5I4, I6I5, and I4I3 reaching densities of 0.82-1.0 compared to baseline densities around 0.5-0.6. This cross-pattern indicates column I will have the largest density increase when C0C1 is removed.",I,1
C1D1,"You must use the training DB to infer the answer for this UNSEEN scenario.
This specific edge removal simulation does NOT exist in the DB - you must reason from similar cases.

DB Schema:
- simulations (simulation_id, created_at, vehicle_count, net_file, route_file, description)
- trips (simulation_id, trip_id, duration, routeLength, waitingTime, timeLoss, depart, arrival, ...)
- edge_metrics (simulation_id, edge_id, interval_begin, interval_end, speed, density, waitingTime, timeLoss, ...)

Key columns:
- simulations.description: ""A0A1 edge removed"" format (identifies which edge was removed in each simulation)
- edge_metrics.density: road density (higher = more congested)
- edge_metrics.edge_id: edge ID (e.g., A0A1, B2C2)

SQL queries must start with SELECT. Do NOT use WITH clauses (CTEs) - rewrite them as subqueries instead.

Output format (exactly 2 lines):
1. ANSWER: <your answer>
2. REASONING: <2 sentences explaining your reasoning>

Search Strategy: CROSS (same column/row only)

Query edges in the same column or row as the target edge.
Example: For vertical edge C3C4 (column C), query C0C1, C1C2, C2C3, C4C5, C5C6, etc.
Example: For horizontal edge C3D3 (row 3), query A3B3, B3C3, D3E3, E3F3, etc.

Query same-column/row edge removal scenarios from the training DB.

If the C1D1 edge is removed from the 11x11 grid network, which column (A-K) or row (0-10) contains the edge with the largest density INCREASE compared to baseline?

Use the training DB to find similar scenarios. Answer with only one letter (A-K) or number (0-10).","Excellent! When D1E1 is removed (right neighbor of C1D1):
- E2D2: 0.46 - 0.21 = **+0.25 increase** (even larger!)
- D2C2: 0.30 - 0.15 = **+0.15 increase**
- B2B3: 0.42 - 0.35 = **+0.07 increase**  
- C2B2: 0.54 - 0.38 = **+0.16 increase**

So **row 2** consistently shows the highest density increases when either B1C1 or D1E1 (the neighbors of C1D1 in row 1) are removed. E2D2 shows particularly high increases (+0.21 to +0.25).

Since C1D1 is similar to both B1C1 and D1E1 (all horizontal edges in row 1), I predict that removing C1D1 will cause the largest density increases in **row 2**.

ANSWER: 2

REASONING: When similar horizontal edges in row 1 (B1C1 and D1E1, adjacent to C1D1) are removed, edges in row 2 consistently show the largest density increases, particularly E2D2 with +0.21 to +0.25 increases and D2C2 with +0.15 to +0.16 increases. Since C1D1 is also a horizontal edge in row 1 between these two tested edges, removing it should similarly cause the largest density increases in row 2.",2,2
C3C4,"You must use the training DB to infer the answer for this UNSEEN scenario.
This specific edge removal simulation does NOT exist in the DB - you must reason from similar cases.

DB Schema:
- simulations (simulation_id, created_at, vehicle_count, net_file, route_file, description)
- trips (simulation_id, trip_id, duration, routeLength, waitingTime, timeLoss, depart, arrival, ...)
- edge_metrics (simulation_id, edge_id, interval_begin, interval_end, speed, density, waitingTime, timeLoss, ...)

Key columns:
- simulations.description: ""A0A1 edge removed"" format (identifies which edge was removed in each simulation)
- edge_metrics.density: road density (higher = more congested)
- edge_metrics.edge_id: edge ID (e.g., A0A1, B2C2)

SQL queries must start with SELECT. Do NOT use WITH clauses (CTEs) - rewrite them as subqueries instead.

Output format (exactly 2 lines):
1. ANSWER: <your answer>
2. REASONING: <2 sentences explaining your reasoning>

Search Strategy: CROSS (same column/row only)

Query edges in the same column or row as the target edge.
Example: For vertical edge C3C4 (column C), query C0C1, C1C2, C2C3, C4C5, C5C6, etc.
Example: For horizontal edge C3D3 (row 3), query A3B3, B3C3, D3E3, E3F3, etc.

Query same-column/row edge removal scenarios from the training DB.

If the C3C4 edge is removed from the 11x11 grid network, which column (A-K) or row (0-10) contains the edge with the largest density INCREASE compared to baseline?

Use the training DB to find similar scenarios. Answer with only one letter (A-K) or number (0-10).","Perfect! The pattern is clear:
- When C2C3 removed: B2B3 increased by 0.10
- When C4C5 removed: B4B5 increased by 0.22

So the adjacent parallel vertical edge in column B shows large increases. For C3C4 removal, B3B4 should show the largest increase. B3B4 is in column B.

ANSWER: B

REASONING: When adjacent vertical edges in column C are removed (C2C3 and C4C5), the parallel vertical edge B3B4 and B4B5 in column B show the largest density increases (0.10 and 0.22 respectively). This indicates that removing C3C4 will cause the largest density increase at the parallel edge B3B4 in column B.",B,D
C3D3,"You must use the training DB to infer the answer for this UNSEEN scenario.
This specific edge removal simulation does NOT exist in the DB - you must reason from similar cases.

DB Schema:
- simulations (simulation_id, created_at, vehicle_count, net_file, route_file, description)
- trips (simulation_id, trip_id, duration, routeLength, waitingTime, timeLoss, depart, arrival, ...)
- edge_metrics (simulation_id, edge_id, interval_begin, interval_end, speed, density, waitingTime, timeLoss, ...)

Key columns:
- simulations.description: ""A0A1 edge removed"" format (identifies which edge was removed in each simulation)
- edge_metrics.density: road density (higher = more congested)
- edge_metrics.edge_id: edge ID (e.g., A0A1, B2C2)

SQL queries must start with SELECT. Do NOT use WITH clauses (CTEs) - rewrite them as subqueries instead.

Output format (exactly 2 lines):
1. ANSWER: <your answer>
2. REASONING: <2 sentences explaining your reasoning>

Search Strategy: CROSS (same column/row only)

Query edges in the same column or row as the target edge.
Example: For vertical edge C3C4 (column C), query C0C1, C1C2, C2C3, C4C5, C5C6, etc.
Example: For horizontal edge C3D3 (row 3), query A3B3, B3C3, D3E3, E3F3, etc.

Query same-column/row edge removal scenarios from the training DB.

If the C3D3 edge is removed from the 11x11 grid network, which column (A-K) or row (0-10) contains the edge with the largest density INCREASE compared to baseline?

Use the training DB to find similar scenarios. Answer with only one letter (A-K) or number (0-10).","Based on my analysis of the training data, when C3D3 (horizontal edge in row 3) is removed, the cross strategy tells me to look at:
1. Other row 3 edges (horizontal)
2. Column C edges (vertical)
3. Column D edges (vertical)

From the data:
- D3C3 (westbound on row 3) has density 0.64 when C2C3 removed vs baseline 0.55 = **+0.09 increase** (largest so far)
- J4J3 has density 0.92 when D3E3 removed vs baseline 0.85 = +0.07 increase

The edge D3C3 is in **row 3**, which shows the largest density increase.

ANSWER: 3

REASONING: When analyzing similar edge removal scenarios in row 3 and columns C/D from the training database, the D3C3 edge (westbound on row 3) shows the largest density increase of 0.09 when the C2C3 vertical edge is removed, rising from baseline 0.55 to 0.64. This suggests row 3 will experience the greatest density increase when C3D3 is removed.",3,4
C7C8,"You must use the training DB to infer the answer for this UNSEEN scenario.
This specific edge removal simulation does NOT exist in the DB - you must reason from similar cases.

DB Schema:
- simulations (simulation_id, created_at, vehicle_count, net_file, route_file, description)
- trips (simulation_id, trip_id, duration, routeLength, waitingTime, timeLoss, depart, arrival, ...)
- edge_metrics (simulation_id, edge_id, interval_begin, interval_end, speed, density, waitingTime, timeLoss, ...)

Key columns:
- simulations.description: ""A0A1 edge removed"" format (identifies which edge was removed in each simulation)
- edge_metrics.density: road density (higher = more congested)
- edge_metrics.edge_id: edge ID (e.g., A0A1, B2C2)

SQL queries must start with SELECT. Do NOT use WITH clauses (CTEs) - rewrite them as subqueries instead.

Output format (exactly 2 lines):
1. ANSWER: <your answer>
2. REASONING: <2 sentences explaining your reasoning>

Search Strategy: CROSS (same column/row only)

Query edges in the same column or row as the target edge.
Example: For vertical edge C3C4 (column C), query C0C1, C1C2, C2C3, C4C5, C5C6, etc.
Example: For horizontal edge C3D3 (row 3), query A3B3, B3C3, D3E3, E3F3, etc.

Query same-column/row edge removal scenarios from the training DB.

If the C7C8 edge is removed from the 11x11 grid network, which column (A-K) or row (0-10) contains the edge with the largest density INCREASE compared to baseline?

Use the training DB to find similar scenarios. Answer with only one letter (A-K) or number (0-10).","Perfect! The pattern is very clear. When vertical edges in column C are removed (C4C5, C5C6, C6C7, C8C9), the edges in column F consistently show the largest density increases. The highest increases are on edges like F6G6 and F5G5 (horizontal edges in row 6 and 5 connecting F to G).

Since C7C8 is between C6C7 and C8C9, and both of those removals show column F having the largest increases, it's reasonable to conclude that removing C7C8 would also result in column F showing the largest density increase.

ANSWER: F

REASONING: Analysis of similar vertical edge removals in column C (C4C5, C5C6, C6C7, C8C9) consistently shows that column F experiences the largest density increases, with maximum increases of 0.35. Since C7C8 is adjacent to C6C7 and C8C9, column F would likely exhibit the same pattern.",F,8
D2D3,"You must use the training DB to infer the answer for this UNSEEN scenario.
This specific edge removal simulation does NOT exist in the DB - you must reason from similar cases.

DB Schema:
- simulations (simulation_id, created_at, vehicle_count, net_file, route_file, description)
- trips (simulation_id, trip_id, duration, routeLength, waitingTime, timeLoss, depart, arrival, ...)
- edge_metrics (simulation_id, edge_id, interval_begin, interval_end, speed, density, waitingTime, timeLoss, ...)

Key columns:
- simulations.description: ""A0A1 edge removed"" format (identifies which edge was removed in each simulation)
- edge_metrics.density: road density (higher = more congested)
- edge_metrics.edge_id: edge ID (e.g., A0A1, B2C2)

SQL queries must start with SELECT. Do NOT use WITH clauses (CTEs) - rewrite them as subqueries instead.

Output format (exactly 2 lines):
1. ANSWER: <your answer>
2. REASONING: <2 sentences explaining your reasoning>

Search Strategy: CROSS (same column/row only)

Query edges in the same column or row as the target edge.
Example: For vertical edge C3C4 (column C), query C0C1, C1C2, C2C3, C4C5, C5C6, etc.
Example: For horizontal edge C3D3 (row 3), query A3B3, B3C3, D3E3, E3F3, etc.

Query same-column/row edge removal scenarios from the training DB.

If the D2D3 edge is removed from the 11x11 grid network, which column (A-K) or row (0-10) contains the edge with the largest density INCREASE compared to baseline?

Use the training DB to find similar scenarios. Answer with only one letter (A-K) or number (0-10).","Excellent! The pattern is very clear. E3E2 (in column E) consistently has the highest density increase in both D1D2 and D3D4 removal scenarios. Since D2D3 is between D1D2 and D3D4, the same pattern should apply.

ANSWER: E

REASONING: When analyzing similar vertical edge removals in column D (D1D2 and D3D4 adjacent to target D2D3), column E consistently shows the largest total density increase across the network. Specifically, edge E3E2 in column E shows the highest individual density increase (0.18) in both scenarios, making E the most impacted column.",E,E
D6E6,"You must use the training DB to infer the answer for this UNSEEN scenario.
This specific edge removal simulation does NOT exist in the DB - you must reason from similar cases.

DB Schema:
- simulations (simulation_id, created_at, vehicle_count, net_file, route_file, description)
- trips (simulation_id, trip_id, duration, routeLength, waitingTime, timeLoss, depart, arrival, ...)
- edge_metrics (simulation_id, edge_id, interval_begin, interval_end, speed, density, waitingTime, timeLoss, ...)

Key columns:
- simulations.description: ""A0A1 edge removed"" format (identifies which edge was removed in each simulation)
- edge_metrics.density: road density (higher = more congested)
- edge_metrics.edge_id: edge ID (e.g., A0A1, B2C2)

SQL queries must start with SELECT. Do NOT use WITH clauses (CTEs) - rewrite them as subqueries instead.

Output format (exactly 2 lines):
1. ANSWER: <your answer>
2. REASONING: <2 sentences explaining your reasoning>

Search Strategy: CROSS (same column/row only)

Query edges in the same column or row as the target edge.
Example: For vertical edge C3C4 (column C), query C0C1, C1C2, C2C3, C4C5, C5C6, etc.
Example: For horizontal edge C3D3 (row 3), query A3B3, B3C3, D3E3, E3F3, etc.

Query same-column/row edge removal scenarios from the training DB.

If the D6E6 edge is removed from the 11x11 grid network, which column (A-K) or row (0-10) contains the edge with the largest density INCREASE compared to baseline?

Use the training DB to find similar scenarios. Answer with only one letter (A-K) or number (0-10).","Comparing all the scenarios:
- **Column E**: Maximum density increase of 0.22 (E6E5 edge)
- **Row 6**: Maximum density increase of 0.20 (F6F7 and G6G5 edges)
- **Column D**: Maximum density increase of 0.14 (D5D6 and D6D5 edges)

The largest density increase is 0.22 in **column E** (specifically edge E6E5).

ANSWER: E

REASONING: When adjacent edges in column D (D5D6, D6D7) are removed in training simulations, the edge E6E5 in column E shows the largest density increase of +0.22 compared to baseline. Since D6E6 connects columns D and E in row 6, removing it would similarly impact column E most significantly.",E,5
D8D9,"You must use the training DB to infer the answer for this UNSEEN scenario.
This specific edge removal simulation does NOT exist in the DB - you must reason from similar cases.

DB Schema:
- simulations (simulation_id, created_at, vehicle_count, net_file, route_file, description)
- trips (simulation_id, trip_id, duration, routeLength, waitingTime, timeLoss, depart, arrival, ...)
- edge_metrics (simulation_id, edge_id, interval_begin, interval_end, speed, density, waitingTime, timeLoss, ...)

Key columns:
- simulations.description: ""A0A1 edge removed"" format (identifies which edge was removed in each simulation)
- edge_metrics.density: road density (higher = more congested)
- edge_metrics.edge_id: edge ID (e.g., A0A1, B2C2)

SQL queries must start with SELECT. Do NOT use WITH clauses (CTEs) - rewrite them as subqueries instead.

Output format (exactly 2 lines):
1. ANSWER: <your answer>
2. REASONING: <2 sentences explaining your reasoning>

Search Strategy: CROSS (same column/row only)

Query edges in the same column or row as the target edge.
Example: For vertical edge C3C4 (column C), query C0C1, C1C2, C2C3, C4C5, C5C6, etc.
Example: For horizontal edge C3D3 (row 3), query A3B3, B3C3, D3E3, E3F3, etc.

Query same-column/row edge removal scenarios from the training DB.

If the D8D9 edge is removed from the 11x11 grid network, which column (A-K) or row (0-10) contains the edge with the largest density INCREASE compared to baseline?

Use the training DB to find similar scenarios. Answer with only one letter (A-K) or number (0-10).","Looking at the top 10 edges:
- C8C7, C7C8, C7C6, C7D7 are all in or touching column C
- The top edge C8C7 is clearly in column C

This strongly suggests column C is the answer for D8D9 removal.

ANSWER: C
REASONING: D8D9 is a vertical edge in column D between rows 8-9. Analysis of D7D8 removal (the nearest similar case) shows C8C7 in column C has the largest density increase (0.17), with multiple other column C edges in the top increases. This indicates adjacent column C experiences the highest congestion when column D vertical edges near rows 7-9 are removed.",C,D
E10F10,"You must use the training DB to infer the answer for this UNSEEN scenario.
This specific edge removal simulation does NOT exist in the DB - you must reason from similar cases.

DB Schema:
- simulations (simulation_id, created_at, vehicle_count, net_file, route_file, description)
- trips (simulation_id, trip_id, duration, routeLength, waitingTime, timeLoss, depart, arrival, ...)
- edge_metrics (simulation_id, edge_id, interval_begin, interval_end, speed, density, waitingTime, timeLoss, ...)

Key columns:
- simulations.description: ""A0A1 edge removed"" format (identifies which edge was removed in each simulation)
- edge_metrics.density: road density (higher = more congested)
- edge_metrics.edge_id: edge ID (e.g., A0A1, B2C2)

SQL queries must start with SELECT. Do NOT use WITH clauses (CTEs) - rewrite them as subqueries instead.

Output format (exactly 2 lines):
1. ANSWER: <your answer>
2. REASONING: <2 sentences explaining your reasoning>

Search Strategy: CROSS (same column/row only)

Query edges in the same column or row as the target edge.
Example: For vertical edge C3C4 (column C), query C0C1, C1C2, C2C3, C4C5, C5C6, etc.
Example: For horizontal edge C3D3 (row 3), query A3B3, B3C3, D3E3, E3F3, etc.

Query same-column/row edge removal scenarios from the training DB.

If the E10F10 edge is removed from the 11x11 grid network, which column (A-K) or row (0-10) contains the edge with the largest density INCREASE compared to baseline?

Use the training DB to find similar scenarios. Answer with only one letter (A-K) or number (0-10).","Perfect! Column F clearly shows the highest density increase (0.17) and also has the most edges with significant increases (10 edges with increase >= 0.08). This makes sense because:

1. E10F10 is a horizontal edge in row 10 connecting columns E and F
2. When this edge is removed, traffic that would normally use E10F10 has to reroute
3. The most affected alternative routes would be vertical edges in column F (like F10F9) that traffic must use to go around the blockage
4. The F10G10 removal scenario shows F10F9 with 0.17 increase
5. The E10E9 removal scenario shows F10E10 with 0.17 increase

Both scenarios point to column F being the most impacted.

ANSWER: F

REASONING: Analysis of similar edge removals (D10E10, F10G10, and E10E9) in row 10 and columns E/F shows that column F consistently exhibits the largest density increases, with F10F9 showing a 0.17 increase and F edges appearing most frequently (10 edges) among high-density increases >= 0.08. When E10F10 is removed, traffic reroutes primarily through column F's vertical edges.",F,E
E1E2,"You must use the training DB to infer the answer for this UNSEEN scenario.
This specific edge removal simulation does NOT exist in the DB - you must reason from similar cases.

DB Schema:
- simulations (simulation_id, created_at, vehicle_count, net_file, route_file, description)
- trips (simulation_id, trip_id, duration, routeLength, waitingTime, timeLoss, depart, arrival, ...)
- edge_metrics (simulation_id, edge_id, interval_begin, interval_end, speed, density, waitingTime, timeLoss, ...)

Key columns:
- simulations.description: ""A0A1 edge removed"" format (identifies which edge was removed in each simulation)
- edge_metrics.density: road density (higher = more congested)
- edge_metrics.edge_id: edge ID (e.g., A0A1, B2C2)

SQL queries must start with SELECT. Do NOT use WITH clauses (CTEs) - rewrite them as subqueries instead.

Output format (exactly 2 lines):
1. ANSWER: <your answer>
2. REASONING: <2 sentences explaining your reasoning>

Search Strategy: CROSS (same column/row only)

Query edges in the same column or row as the target edge.
Example: For vertical edge C3C4 (column C), query C0C1, C1C2, C2C3, C4C5, C5C6, etc.
Example: For horizontal edge C3D3 (row 3), query A3B3, B3C3, D3E3, E3F3, etc.

Query same-column/row edge removal scenarios from the training DB.

If the E1E2 edge is removed from the 11x11 grid network, which column (A-K) or row (0-10) contains the edge with the largest density INCREASE compared to baseline?

Use the training DB to find similar scenarios. Answer with only one letter (A-K) or number (0-10).","Looking at both scenarios:
- E0E1 removal: Column F has highest average increase (0.064) and consistently high values
- E2E3 removal: Column F has max increase of 0.19 (tied with D) and highest average (0.080)

Since E1E2 is between E0E1 and E2E3, and column F consistently shows the highest density increases in both neighboring scenarios, column F is the answer.

ANSWER: F

REASONING: When similar vertical edges in column E are removed (E0E1 and E2E3), column F consistently shows the highest average density increases (0.064 and 0.080 respectively) with many edges experiencing substantial congestion. Since E1E2 is located between these two tested edges in the same column, the parallel column F would experience the largest rerouting impact and density increase.",F,F
E5E6,"You must use the training DB to infer the answer for this UNSEEN scenario.
This specific edge removal simulation does NOT exist in the DB - you must reason from similar cases.

DB Schema:
- simulations (simulation_id, created_at, vehicle_count, net_file, route_file, description)
- trips (simulation_id, trip_id, duration, routeLength, waitingTime, timeLoss, depart, arrival, ...)
- edge_metrics (simulation_id, edge_id, interval_begin, interval_end, speed, density, waitingTime, timeLoss, ...)

Key columns:
- simulations.description: ""A0A1 edge removed"" format (identifies which edge was removed in each simulation)
- edge_metrics.density: road density (higher = more congested)
- edge_metrics.edge_id: edge ID (e.g., A0A1, B2C2)

SQL queries must start with SELECT. Do NOT use WITH clauses (CTEs) - rewrite them as subqueries instead.

Output format (exactly 2 lines):
1. ANSWER: <your answer>
2. REASONING: <2 sentences explaining your reasoning>

Search Strategy: CROSS (same column/row only)

Query edges in the same column or row as the target edge.
Example: For vertical edge C3C4 (column C), query C0C1, C1C2, C2C3, C4C5, C5C6, etc.
Example: For horizontal edge C3D3 (row 3), query A3B3, B3C3, D3E3, E3F3, etc.

Query same-column/row edge removal scenarios from the training DB.

If the E5E6 edge is removed from the 11x11 grid network, which column (A-K) or row (0-10) contains the edge with the largest density INCREASE compared to baseline?

Use the training DB to find similar scenarios. Answer with only one letter (A-K) or number (0-10).","Excellent! The pattern is very clear - when any vertical edge in column E is removed (E2E3, E3E4, E4E5, E6E7), column F consistently shows the highest density increase. Since E5E6 is also a vertical edge in column E, column F should have the largest density increase.

**ANSWER: F**

**REASONING:** When vertical edges in column E are removed (E2E3, E3E4, E4E5, E6E7), column F consistently shows the highest average density increase across all simulations. Since E5E6 is also a vertical edge in column E, the same pattern applies and column F will experience the largest density increase.",F,F
E5F5,"You must use the training DB to infer the answer for this UNSEEN scenario.
This specific edge removal simulation does NOT exist in the DB - you must reason from similar cases.

DB Schema:
- simulations (simulation_id, created_at, vehicle_count, net_file, route_file, description)
- trips (simulation_id, trip_id, duration, routeLength, waitingTime, timeLoss, depart, arrival, ...)
- edge_metrics (simulation_id, edge_id, interval_begin, interval_end, speed, density, waitingTime, timeLoss, ...)

Key columns:
- simulations.description: ""A0A1 edge removed"" format (identifies which edge was removed in each simulation)
- edge_metrics.density: road density (higher = more congested)
- edge_metrics.edge_id: edge ID (e.g., A0A1, B2C2)

SQL queries must start with SELECT. Do NOT use WITH clauses (CTEs) - rewrite them as subqueries instead.

Output format (exactly 2 lines):
1. ANSWER: <your answer>
2. REASONING: <2 sentences explaining your reasoning>

Search Strategy: CROSS (same column/row only)

Query edges in the same column or row as the target edge.
Example: For vertical edge C3C4 (column C), query C0C1, C1C2, C2C3, C4C5, C5C6, etc.
Example: For horizontal edge C3D3 (row 3), query A3B3, B3C3, D3E3, E3F3, etc.

Query same-column/row edge removal scenarios from the training DB.

If the E5F5 edge is removed from the 11x11 grid network, which column (A-K) or row (0-10) contains the edge with the largest density INCREASE compared to baseline?

Use the training DB to find similar scenarios. Answer with only one letter (A-K) or number (0-10).","Perfect! When E4E5 (vertical in column E) is removed, F5F4 and other F column edges show the largest increases! The pattern is clear:
- When vertical edge in F is removed → E column absorbs traffic  
- When vertical edge in E is removed → F column absorbs traffic
- When horizontal F5G5 is removed → F column shows largest increase (F5F6)

So when E5F5 (horizontal connecting E and F) is removed, I expect **column E** to show the largest density increase since traffic will reroute vertically through columns. Looking at the data, E5E4 consistently shows major increases.

ANSWER: E

REASONING: When analyzing similar horizontal edge removals in row 5, removal of adjacent edges shows that the connecting columns absorb the rerouted traffic vertically. When F5G5 is removed, column F (specifically F5F6) shows a +0.25 density increase, and when F4F5 (vertical F) is removed, E5E4 shows +0.25 increase. This pattern indicates column E will experience the largest density increase when E5F5 is removed.",E,6
E8F8,"You must use the training DB to infer the answer for this UNSEEN scenario.
This specific edge removal simulation does NOT exist in the DB - you must reason from similar cases.

DB Schema:
- simulations (simulation_id, created_at, vehicle_count, net_file, route_file, description)
- trips (simulation_id, trip_id, duration, routeLength, waitingTime, timeLoss, depart, arrival, ...)
- edge_metrics (simulation_id, edge_id, interval_begin, interval_end, speed, density, waitingTime, timeLoss, ...)

Key columns:
- simulations.description: ""A0A1 edge removed"" format (identifies which edge was removed in each simulation)
- edge_metrics.density: road density (higher = more congested)
- edge_metrics.edge_id: edge ID (e.g., A0A1, B2C2)

SQL queries must start with SELECT. Do NOT use WITH clauses (CTEs) - rewrite them as subqueries instead.

Output format (exactly 2 lines):
1. ANSWER: <your answer>
2. REASONING: <2 sentences explaining your reasoning>

Search Strategy: CROSS (same column/row only)

Query edges in the same column or row as the target edge.
Example: For vertical edge C3C4 (column C), query C0C1, C1C2, C2C3, C4C5, C5C6, etc.
Example: For horizontal edge C3D3 (row 3), query A3B3, B3C3, D3E3, E3F3, etc.

Query same-column/row edge removal scenarios from the training DB.

If the E8F8 edge is removed from the 11x11 grid network, which column (A-K) or row (0-10) contains the edge with the largest density INCREASE compared to baseline?

Use the training DB to find similar scenarios. Answer with only one letter (A-K) or number (0-10).","Row 8's highest is G8F8 at 0.19 vs Row 7's F7G7 at 0.43. Row 7 clearly has the highest density increase.

ANSWER: 7

REASONING: Analyzing similar edge removal scenarios in the training data (particularly F8G8, D8E8, E7E8, F7F8, and adjacent edges), the edge F7G7 in row 7 shows the largest density increase of 0.43 compared to baseline. Row 7 consistently shows the highest density increases when edges near E8F8 are removed, making it the most impacted row.",7,F
F10F9,"You must use the training DB to infer the answer for this UNSEEN scenario.
This specific edge removal simulation does NOT exist in the DB - you must reason from similar cases.

DB Schema:
- simulations (simulation_id, created_at, vehicle_count, net_file, route_file, description)
- trips (simulation_id, trip_id, duration, routeLength, waitingTime, timeLoss, depart, arrival, ...)
- edge_metrics (simulation_id, edge_id, interval_begin, interval_end, speed, density, waitingTime, timeLoss, ...)

Key columns:
- simulations.description: ""A0A1 edge removed"" format (identifies which edge was removed in each simulation)
- edge_metrics.density: road density (higher = more congested)
- edge_metrics.edge_id: edge ID (e.g., A0A1, B2C2)

SQL queries must start with SELECT. Do NOT use WITH clauses (CTEs) - rewrite them as subqueries instead.

Output format (exactly 2 lines):
1. ANSWER: <your answer>
2. REASONING: <2 sentences explaining your reasoning>

Search Strategy: CROSS (same column/row only)

Query edges in the same column or row as the target edge.
Example: For vertical edge C3C4 (column C), query C0C1, C1C2, C2C3, C4C5, C5C6, etc.
Example: For horizontal edge C3D3 (row 3), query A3B3, B3C3, D3E3, E3F3, etc.

Query same-column/row edge removal scenarios from the training DB.

If the F10F9 edge is removed from the 11x11 grid network, which column (A-K) or row (0-10) contains the edge with the largest density INCREASE compared to baseline?

Use the training DB to find similar scenarios. Answer with only one letter (A-K) or number (0-10).","Confirmed! G8G9 has density increase of 0.2 - 0.08 = 0.12, which is the highest among all edges when F8F9 is removed.

F8F9 and F10F9 are both vertical edges in column F. The pattern shows that when a vertical edge in column F is removed (F8F9), the largest density increase occurs in column G (specifically edge G8G9).

ANSWER: G

REASONING: When analyzing the similar scenario of F8F9 edge removal (a vertical edge in column F, like F10F9), column G showed the maximum density increase of 0.12 at edge G8G9, compared to baseline. This is the highest density increase across all columns and rows in that scenario.",G,F
F1F2,"You must use the training DB to infer the answer for this UNSEEN scenario.
This specific edge removal simulation does NOT exist in the DB - you must reason from similar cases.

DB Schema:
- simulations (simulation_id, created_at, vehicle_count, net_file, route_file, description)
- trips (simulation_id, trip_id, duration, routeLength, waitingTime, timeLoss, depart, arrival, ...)
- edge_metrics (simulation_id, edge_id, interval_begin, interval_end, speed, density, waitingTime, timeLoss, ...)

Key columns:
- simulations.description: ""A0A1 edge removed"" format (identifies which edge was removed in each simulation)
- edge_metrics.density: road density (higher = more congested)
- edge_metrics.edge_id: edge ID (e.g., A0A1, B2C2)

SQL queries must start with SELECT. Do NOT use WITH clauses (CTEs) - rewrite them as subqueries instead.

Output format (exactly 2 lines):
1. ANSWER: <your answer>
2. REASONING: <2 sentences explaining your reasoning>

Search Strategy: CROSS (same column/row only)

Query edges in the same column or row as the target edge.
Example: For vertical edge C3C4 (column C), query C0C1, C1C2, C2C3, C4C5, C5C6, etc.
Example: For horizontal edge C3D3 (row 3), query A3B3, B3C3, D3E3, E3F3, etc.

Query same-column/row edge removal scenarios from the training DB.

If the F1F2 edge is removed from the 11x11 grid network, which column (A-K) or row (0-10) contains the edge with the largest density INCREASE compared to baseline?

Use the training DB to find similar scenarios. Answer with only one letter (A-K) or number (0-10).","Perfect! Column G consistently shows the highest total density increase when vertical edges in column F are removed. This pattern is very clear:

- F0F1 removal: Column G has 0.46 total increase
- F2F3 removal: Column G has 1.18 total increase  
- F4F5 removal: Column G has 1.37 total increase
- F5F6 removal: Column G has 1.23 total increase

Column G is directly adjacent to column F (to the east), and when a vertical edge in column F is blocked, traffic is rerouted to adjacent columns, with column G showing the largest density increases.

ANSWER: G

REASONING: When vertical edges in column F are removed (F0F1, F2F3, F4F5, F5F6), column G consistently shows the highest total density increase across all simulations (ranging from 0.46 to 1.37). Since F1F2 is also a vertical edge in column F, traffic will similarly reroute to the adjacent column G, causing the largest density increases there.",G,E
F3F4,"You must use the training DB to infer the answer for this UNSEEN scenario.
This specific edge removal simulation does NOT exist in the DB - you must reason from similar cases.

DB Schema:
- simulations (simulation_id, created_at, vehicle_count, net_file, route_file, description)
- trips (simulation_id, trip_id, duration, routeLength, waitingTime, timeLoss, depart, arrival, ...)
- edge_metrics (simulation_id, edge_id, interval_begin, interval_end, speed, density, waitingTime, timeLoss, ...)

Key columns:
- simulations.description: ""A0A1 edge removed"" format (identifies which edge was removed in each simulation)
- edge_metrics.density: road density (higher = more congested)
- edge_metrics.edge_id: edge ID (e.g., A0A1, B2C2)

SQL queries must start with SELECT. Do NOT use WITH clauses (CTEs) - rewrite them as subqueries instead.

Output format (exactly 2 lines):
1. ANSWER: <your answer>
2. REASONING: <2 sentences explaining your reasoning>

Search Strategy: CROSS (same column/row only)

Query edges in the same column or row as the target edge.
Example: For vertical edge C3C4 (column C), query C0C1, C1C2, C2C3, C4C5, C5C6, etc.
Example: For horizontal edge C3D3 (row 3), query A3B3, B3C3, D3E3, E3F3, etc.

Query same-column/row edge removal scenarios from the training DB.

If the F3F4 edge is removed from the 11x11 grid network, which column (A-K) or row (0-10) contains the edge with the largest density INCREASE compared to baseline?

Use the training DB to find similar scenarios. Answer with only one letter (A-K) or number (0-10).","Column G consistently shows high counts and high average increases. For F2F3 removal, G had the highest average increase at 0.103, and for F4F5 (F3G3) removal, G was second with 0.10. Column G is adjacent to column F (where F3F4 is located), which makes sense - traffic would reroute to the parallel column.

ANSWER: G

REASONING: Analysis of similar edge removals in column F (F2F3 and F4F5) shows that column G consistently experiences the largest density increases with the highest frequency of affected edges and average density increase around 0.10. Column G is adjacent to F, making it the primary alternative route when vertical edges in column F are removed.",G,G
F4G4,"You must use the training DB to infer the answer for this UNSEEN scenario.
This specific edge removal simulation does NOT exist in the DB - you must reason from similar cases.

DB Schema:
- simulations (simulation_id, created_at, vehicle_count, net_file, route_file, description)
- trips (simulation_id, trip_id, duration, routeLength, waitingTime, timeLoss, depart, arrival, ...)
- edge_metrics (simulation_id, edge_id, interval_begin, interval_end, speed, density, waitingTime, timeLoss, ...)

Key columns:
- simulations.description: ""A0A1 edge removed"" format (identifies which edge was removed in each simulation)
- edge_metrics.density: road density (higher = more congested)
- edge_metrics.edge_id: edge ID (e.g., A0A1, B2C2)

SQL queries must start with SELECT. Do NOT use WITH clauses (CTEs) - rewrite them as subqueries instead.

Output format (exactly 2 lines):
1. ANSWER: <your answer>
2. REASONING: <2 sentences explaining your reasoning>

Search Strategy: CROSS (same column/row only)

Query edges in the same column or row as the target edge.
Example: For vertical edge C3C4 (column C), query C0C1, C1C2, C2C3, C4C5, C5C6, etc.
Example: For horizontal edge C3D3 (row 3), query A3B3, B3C3, D3E3, E3F3, etc.

Query same-column/row edge removal scenarios from the training DB.

If the F4G4 edge is removed from the 11x11 grid network, which column (A-K) or row (0-10) contains the edge with the largest density INCREASE compared to baseline?

Use the training DB to find similar scenarios. Answer with only one letter (A-K) or number (0-10).","Looking at the data, I can see that when E4F4 is removed, F5E5 has a 0.44 increase, and when G4H4 is removed, H5G5 has a 0.33 increase. Both are in row 5 and are just one row above the removed edges. This suggests row 5 might have the highest increases. Let me check if there's an even clearer pattern by checking the next adjacent edge to F4G4. Let me look more at H5G5 and similar edges in G4H4 scenario:

Since F4G4 is between E4F4 and G4H4:
- When E4F4 is removed, F5E5 increases by 0.44 (row 5)
- When G4H4 is removed, H5G5 increases by 0.33 (row 5)

This strongly suggests row **5** will have the largest density increase when F4G4 is removed.

ANSWER: 5
REASONING: When adjacent horizontal edges E4F4 and G4H4 are removed in row 4, the largest density increases occur on edges in row 5 directly above (F5E5 increases 0.44, H5G5 increases 0.33). Therefore, removing F4G4 (also in row 4) will most likely cause the largest density increase in row 5.",5,5
F7G7,"You must use the training DB to infer the answer for this UNSEEN scenario.
This specific edge removal simulation does NOT exist in the DB - you must reason from similar cases.

DB Schema:
- simulations (simulation_id, created_at, vehicle_count, net_file, route_file, description)
- trips (simulation_id, trip_id, duration, routeLength, waitingTime, timeLoss, depart, arrival, ...)
- edge_metrics (simulation_id, edge_id, interval_begin, interval_end, speed, density, waitingTime, timeLoss, ...)

Key columns:
- simulations.description: ""A0A1 edge removed"" format (identifies which edge was removed in each simulation)
- edge_metrics.density: road density (higher = more congested)
- edge_metrics.edge_id: edge ID (e.g., A0A1, B2C2)

SQL queries must start with SELECT. Do NOT use WITH clauses (CTEs) - rewrite them as subqueries instead.

Output format (exactly 2 lines):
1. ANSWER: <your answer>
2. REASONING: <2 sentences explaining your reasoning>

Search Strategy: CROSS (same column/row only)

Query edges in the same column or row as the target edge.
Example: For vertical edge C3C4 (column C), query C0C1, C1C2, C2C3, C4C5, C5C6, etc.
Example: For horizontal edge C3D3 (row 3), query A3B3, B3C3, D3E3, E3F3, etc.

Query same-column/row edge removal scenarios from the training DB.

If the F7G7 edge is removed from the 11x11 grid network, which column (A-K) or row (0-10) contains the edge with the largest density INCREASE compared to baseline?

Use the training DB to find similar scenarios. Answer with only one letter (A-K) or number (0-10).","F7F6 is showing the largest increase at 0.29. That's a vertical edge in column F between rows 6 and 7. Based on the pattern across these simulations, **column F** is consistently showing large density increases. Let me verify by checking which column or row letter appears most frequently in the top density increases:

Looking at the data from G6G7 removal:
- F7F6 (column F) - 0.29 increase
- F4F3 (column F) - 0.27 increase
- F6F7 (column F) - 0.14 increase
- F5F4 (column F) - 0.13 increase
- F8F7 (column F) - 0.13 increase
- F5F6 (column F) - 0.10 increase

From E7F7 removal:
- E6F6 (between E and F, row 6) - 0.30 increase  
- F6G6 (between F and G, row 6) - 0.22 increase
- F4F3 (column F) - 0.20 increase

The pattern is clear - **column F** edges are showing the largest density increases when edges near F7G7 are removed. Let me verify that column F is in fact the answer:

ANSWER: F

REASONING: When analyzing edge removals in row 7 and adjacent columns F/G (simulating F7G7 removal), column F consistently shows the largest density increases. For instance, when G6G7 is removed, F7F6 increases by 0.29, and when E7F7 is removed, E6F6 increases by 0.30, both involving column F edges adjacent to the removal point.",F,6
G0H0,"You must use the training DB to infer the answer for this UNSEEN scenario.
This specific edge removal simulation does NOT exist in the DB - you must reason from similar cases.

DB Schema:
- simulations (simulation_id, created_at, vehicle_count, net_file, route_file, description)
- trips (simulation_id, trip_id, duration, routeLength, waitingTime, timeLoss, depart, arrival, ...)
- edge_metrics (simulation_id, edge_id, interval_begin, interval_end, speed, density, waitingTime, timeLoss, ...)

Key columns:
- simulations.description: ""A0A1 edge removed"" format (identifies which edge was removed in each simulation)
- edge_metrics.density: road density (higher = more congested)
- edge_metrics.edge_id: edge ID (e.g., A0A1, B2C2)

SQL queries must start with SELECT. Do NOT use WITH clauses (CTEs) - rewrite them as subqueries instead.

Output format (exactly 2 lines):
1. ANSWER: <your answer>
2. REASONING: <2 sentences explaining your reasoning>

Search Strategy: CROSS (same column/row only)

Query edges in the same column or row as the target edge.
Example: For vertical edge C3C4 (column C), query C0C1, C1C2, C2C3, C4C5, C5C6, etc.
Example: For horizontal edge C3D3 (row 3), query A3B3, B3C3, D3E3, E3F3, etc.

Query same-column/row edge removal scenarios from the training DB.

If the G0H0 edge is removed from the 11x11 grid network, which column (A-K) or row (0-10) contains the edge with the largest density INCREASE compared to baseline?

Use the training DB to find similar scenarios. Answer with only one letter (A-K) or number (0-10).","Let me think about this systematically. G0H0 connects columns G and H at row 0. When removed, traffic must reroute. The most affected edges would be:
1. Parallel edges in row 0 (detour through F0G0 or H0I0)
2. Perpendicular edges at the endpoints (G0G1 and H0H1) that connect to alternate routes

From the data:
- When H0I0 removed: H0H1 = 0.40 (very high, +0.30 from baseline)
- This suggests traffic from row 0 diverts vertically through column H

By analogy, when G0H0 is removed, traffic would also divert vertically, likely through BOTH G0G1 and H0H1. But based on the H0I0 removal showing H0H1 with the highest increase, column H seems to be the primary reroute.

ANSWER: H

REASONING: When analyzing similar edge removal scenarios in row 0, particularly the H0I0 removal which is adjacent to G0H0, the H0H1 edge (column H) showed the largest density increase of 0.30 compared to baseline. This pattern suggests that when G0H0 is removed, column H edges would experience the largest density increases as traffic reroutes vertically through that column.",H,G
G10H10,"You must use the training DB to infer the answer for this UNSEEN scenario.
This specific edge removal simulation does NOT exist in the DB - you must reason from similar cases.

DB Schema:
- simulations (simulation_id, created_at, vehicle_count, net_file, route_file, description)
- trips (simulation_id, trip_id, duration, routeLength, waitingTime, timeLoss, depart, arrival, ...)
- edge_metrics (simulation_id, edge_id, interval_begin, interval_end, speed, density, waitingTime, timeLoss, ...)

Key columns:
- simulations.description: ""A0A1 edge removed"" format (identifies which edge was removed in each simulation)
- edge_metrics.density: road density (higher = more congested)
- edge_metrics.edge_id: edge ID (e.g., A0A1, B2C2)

SQL queries must start with SELECT. Do NOT use WITH clauses (CTEs) - rewrite them as subqueries instead.

Output format (exactly 2 lines):
1. ANSWER: <your answer>
2. REASONING: <2 sentences explaining your reasoning>

Search Strategy: CROSS (same column/row only)

Query edges in the same column or row as the target edge.
Example: For vertical edge C3C4 (column C), query C0C1, C1C2, C2C3, C4C5, C5C6, etc.
Example: For horizontal edge C3D3 (row 3), query A3B3, B3C3, D3E3, E3F3, etc.

Query same-column/row edge removal scenarios from the training DB.

If the G10H10 edge is removed from the 11x11 grid network, which column (A-K) or row (0-10) contains the edge with the largest density INCREASE compared to baseline?

Use the training DB to find similar scenarios. Answer with only one letter (A-K) or number (0-10).","Perfect! From this data, when G10G9 is removed (vertical edge in column G near row 10), column G has the highest maximum individual edge density increase of 0.20. When H10H9 is removed (vertical edge in column H near row 10), column G still has a high total increase (0.73) though H has a single edge with 0.16 increase.

For the G10H10 edge removal (horizontal edge in row 10 between columns G and H), the pattern suggests that **Column G** would experience the largest density increases based on similar scenarios.

ANSWER: G

REASONING: Analysis of similar edge removal scenarios (G10G9, H10H9, F10G10, H10I10) shows that Column G consistently exhibits the largest density increases, with maximum individual edge increases of 0.20 and total increases around 0.70-0.73. When horizontal edges in row 10 or vertical edges in adjacent columns near row 10 are removed, Column G edges show the strongest congestion response.",G,F
G2H2,"You must use the training DB to infer the answer for this UNSEEN scenario.
This specific edge removal simulation does NOT exist in the DB - you must reason from similar cases.

DB Schema:
- simulations (simulation_id, created_at, vehicle_count, net_file, route_file, description)
- trips (simulation_id, trip_id, duration, routeLength, waitingTime, timeLoss, depart, arrival, ...)
- edge_metrics (simulation_id, edge_id, interval_begin, interval_end, speed, density, waitingTime, timeLoss, ...)

Key columns:
- simulations.description: ""A0A1 edge removed"" format (identifies which edge was removed in each simulation)
- edge_metrics.density: road density (higher = more congested)
- edge_metrics.edge_id: edge ID (e.g., A0A1, B2C2)

SQL queries must start with SELECT. Do NOT use WITH clauses (CTEs) - rewrite them as subqueries instead.

Output format (exactly 2 lines):
1. ANSWER: <your answer>
2. REASONING: <2 sentences explaining your reasoning>

Search Strategy: CROSS (same column/row only)

Query edges in the same column or row as the target edge.
Example: For vertical edge C3C4 (column C), query C0C1, C1C2, C2C3, C4C5, C5C6, etc.
Example: For horizontal edge C3D3 (row 3), query A3B3, B3C3, D3E3, E3F3, etc.

Query same-column/row edge removal scenarios from the training DB.

If the G2H2 edge is removed from the 11x11 grid network, which column (A-K) or row (0-10) contains the edge with the largest density INCREASE compared to baseline?

Use the training DB to find similar scenarios. Answer with only one letter (A-K) or number (0-10).","Rows 5 and 6 show max increases of 0.18. But I'm analyzing the wrong scenarios! I need to focus on edges directly relevant to G2H2 removal. The three scenarios I analyzed were:
- G2G3 removal (vertical in column G)
- H1H2 removal (vertical in column H)
- H2H3 removal (vertical in column H)

For G2H2 (horizontal edge in row 2), I should focus on edges in:
- Row 2 (horizontal edges and their alternatives)
- Column G (vertical edges)
- Column H (vertical edges)

Based on the pattern from my earlier analysis, when G2G3 was removed, edges like H2G2, I2H2, and G2H2 showed large increases. The pattern suggests that when a horizontal edge like G2H2 is removed, the perpendicular (vertical) edges at those junctions will show increases.

Let me look more carefully at the most relevant edge - G2G3:

ANSWER: G

REASONING: When analyzing similar edge removal scenarios in the training data (G2G3, H1H2, H2H3 removals), edge G2G3 in column G showed the highest average density increase of 0.08 across scenarios. For the horizontal edge G2H2 removal, column G vertical edges (particularly G2G3) would experience the largest density increases as traffic reroutes around the removed connection.",G,G
G3G4,"You must use the training DB to infer the answer for this UNSEEN scenario.
This specific edge removal simulation does NOT exist in the DB - you must reason from similar cases.

DB Schema:
- simulations (simulation_id, created_at, vehicle_count, net_file, route_file, description)
- trips (simulation_id, trip_id, duration, routeLength, waitingTime, timeLoss, depart, arrival, ...)
- edge_metrics (simulation_id, edge_id, interval_begin, interval_end, speed, density, waitingTime, timeLoss, ...)

Key columns:
- simulations.description: ""A0A1 edge removed"" format (identifies which edge was removed in each simulation)
- edge_metrics.density: road density (higher = more congested)
- edge_metrics.edge_id: edge ID (e.g., A0A1, B2C2)

SQL queries must start with SELECT. Do NOT use WITH clauses (CTEs) - rewrite them as subqueries instead.

Output format (exactly 2 lines):
1. ANSWER: <your answer>
2. REASONING: <2 sentences explaining your reasoning>

Search Strategy: CROSS (same column/row only)

Query edges in the same column or row as the target edge.
Example: For vertical edge C3C4 (column C), query C0C1, C1C2, C2C3, C4C5, C5C6, etc.
Example: For horizontal edge C3D3 (row 3), query A3B3, B3C3, D3E3, E3F3, etc.

Query same-column/row edge removal scenarios from the training DB.

If the G3G4 edge is removed from the 11x11 grid network, which column (A-K) or row (0-10) contains the edge with the largest density INCREASE compared to baseline?

Use the training DB to find similar scenarios. Answer with only one letter (A-K) or number (0-10).","Based on the training data, I can see that when removing edges in column G (vertical edges like G0G1, G1G2, G2G3, etc.), the largest density increases occur in specific affected edges. Let me identify which column or row contains the edge with the maximum density increase.

From the query results:
- When G7G8 is removed, G9H9 (a horizontal edge connecting columns G and H in row 9) sees an increase of 0.23
- When G6G7 is removed, I5I4 (a vertical edge in column I) sees an increase of 0.14

The edge G9H9 is in row 9, and this is where I see the maximum density increase of 0.23. Since G3G4 is also a vertical edge in column G (similar to G7G8), I would expect the removal of G3G4 to cause maximum density increases in edges near row 9 or in column H based on the patterns.

However, looking at the most affected edge G9H9 - this edge is in row **9**.

ANSWER: 9

REASONING: Based on analysis of similar vertical edge removals in column G, removing G7G8 caused the largest density increase (0.23) on edge G9H9 in row 9. Since G3G4 is also a vertical edge in column G, the traffic rerouting pattern would similarly affect row 9, where the maximum density increase occurs.",9,F
G5H5,"You must use the training DB to infer the answer for this UNSEEN scenario.
This specific edge removal simulation does NOT exist in the DB - you must reason from similar cases.

DB Schema:
- simulations (simulation_id, created_at, vehicle_count, net_file, route_file, description)
- trips (simulation_id, trip_id, duration, routeLength, waitingTime, timeLoss, depart, arrival, ...)
- edge_metrics (simulation_id, edge_id, interval_begin, interval_end, speed, density, waitingTime, timeLoss, ...)

Key columns:
- simulations.description: ""A0A1 edge removed"" format (identifies which edge was removed in each simulation)
- edge_metrics.density: road density (higher = more congested)
- edge_metrics.edge_id: edge ID (e.g., A0A1, B2C2)

SQL queries must start with SELECT. Do NOT use WITH clauses (CTEs) - rewrite them as subqueries instead.

Output format (exactly 2 lines):
1. ANSWER: <your answer>
2. REASONING: <2 sentences explaining your reasoning>

Search Strategy: CROSS (same column/row only)

Query edges in the same column or row as the target edge.
Example: For vertical edge C3C4 (column C), query C0C1, C1C2, C2C3, C4C5, C5C6, etc.
Example: For horizontal edge C3D3 (row 3), query A3B3, B3C3, D3E3, E3F3, etc.

Query same-column/row edge removal scenarios from the training DB.

If the G5H5 edge is removed from the 11x11 grid network, which column (A-K) or row (0-10) contains the edge with the largest density INCREASE compared to baseline?

Use the training DB to find similar scenarios. Answer with only one letter (A-K) or number (0-10).","Perfect! The data clearly shows that row 6 edges have the highest density increases when row 5 horizontal edges are removed. The top 4 edges all belong to row 6:
- D6C6: 0.1425
- F6E6: 0.14  
- G6F6: 0.122
- C6B6: 0.106

This makes sense because when a horizontal edge in row 5 is removed, traffic reroutes to adjacent parallel rows, with row 6 (directly below row 5) absorbing much of the diverted traffic.

ANSWER: 6

REASONING: When horizontal edges in row 5 are removed (like G5H5), traffic reroutes to adjacent parallel rows. Analysis of similar row 5 edge removal scenarios shows row 6 edges consistently experience the highest density increases, with the top 4 affected edges all in row 6 (D6C6: +0.14, F6E6: +0.14, G6F6: +0.12, C6B6: +0.11).",6,6
G6H6,"You must use the training DB to infer the answer for this UNSEEN scenario.
This specific edge removal simulation does NOT exist in the DB - you must reason from similar cases.

DB Schema:
- simulations (simulation_id, created_at, vehicle_count, net_file, route_file, description)
- trips (simulation_id, trip_id, duration, routeLength, waitingTime, timeLoss, depart, arrival, ...)
- edge_metrics (simulation_id, edge_id, interval_begin, interval_end, speed, density, waitingTime, timeLoss, ...)

Key columns:
- simulations.description: ""A0A1 edge removed"" format (identifies which edge was removed in each simulation)
- edge_metrics.density: road density (higher = more congested)
- edge_metrics.edge_id: edge ID (e.g., A0A1, B2C2)

SQL queries must start with SELECT. Do NOT use WITH clauses (CTEs) - rewrite them as subqueries instead.

Output format (exactly 2 lines):
1. ANSWER: <your answer>
2. REASONING: <2 sentences explaining your reasoning>

Search Strategy: CROSS (same column/row only)

Query edges in the same column or row as the target edge.
Example: For vertical edge C3C4 (column C), query C0C1, C1C2, C2C3, C4C5, C5C6, etc.
Example: For horizontal edge C3D3 (row 3), query A3B3, B3C3, D3E3, E3F3, etc.

Query same-column/row edge removal scenarios from the training DB.

If the G6H6 edge is removed from the 11x11 grid network, which column (A-K) or row (0-10) contains the edge with the largest density INCREASE compared to baseline?

Use the training DB to find similar scenarios. Answer with only one letter (A-K) or number (0-10).","For H5H6 removal (vertical edge in column H), the largest increase is G5G6 (column G, which is adjacent). 

Based on these patterns:
- F6G6 removal → F6F7 (column F) has largest increase
- E6F6 removal → D5E5 (row 5) has largest increase  
- G5G6 removal → G6H6 (row 6) has largest increase
- H5H6 removal → G5G6 (column G) has largest increase
- H6H7 removal → H6G6 (row 6) has largest increase
- H6I6 removal → H4H3 (column H) has largest increase

The pattern suggests that when a horizontal edge in row 6 is removed, nearby vertical edges in adjacent columns see increases, and when a vertical edge near row 6 is removed, horizontal edges in row 6 see increases.

For G6H6 (horizontal edge in row 6 between columns G and H), based on these patterns, I would expect:
- Column G or H vertical edges to have large increases

Let me analyze more carefully. When removing G5G6 (column G), G6H6 (row 6) had the largest increase. When removing H6H7 (column H), H6G6 (row 6) had the largest increase. This strongly suggests that when G6H6 is removed, the vertical edges in columns G and H will see the largest increases.

Let me look at which column specifically. Looking at the data:
- G5G6 removal → G6H6 increase = 0.14
- H5H6 removal → G5G6 increase = 0.16
- H6H7 removal → H6G6 increase = 0.15

Column G seems to show strong effects. Let me verify by checking a few more scenarios to see if column G consistently shows high density increases in similar situations.

ANSWER: G

REASONING: When horizontal edges in row 6 near columns G and H are removed (like F6G6), adjacent vertical edges show the largest density increases. Analysis of similar edge removals (G5G6, H5H6, H6H7) consistently shows that column G vertical edges experience the highest density increases when edges around the G6H6 location are disrupted.",G,7
G7H7,"You must use the training DB to infer the answer for this UNSEEN scenario.
This specific edge removal simulation does NOT exist in the DB - you must reason from similar cases.

DB Schema:
- simulations (simulation_id, created_at, vehicle_count, net_file, route_file, description)
- trips (simulation_id, trip_id, duration, routeLength, waitingTime, timeLoss, depart, arrival, ...)
- edge_metrics (simulation_id, edge_id, interval_begin, interval_end, speed, density, waitingTime, timeLoss, ...)

Key columns:
- simulations.description: ""A0A1 edge removed"" format (identifies which edge was removed in each simulation)
- edge_metrics.density: road density (higher = more congested)
- edge_metrics.edge_id: edge ID (e.g., A0A1, B2C2)

SQL queries must start with SELECT. Do NOT use WITH clauses (CTEs) - rewrite them as subqueries instead.

Output format (exactly 2 lines):
1. ANSWER: <your answer>
2. REASONING: <2 sentences explaining your reasoning>

Search Strategy: CROSS (same column/row only)

Query edges in the same column or row as the target edge.
Example: For vertical edge C3C4 (column C), query C0C1, C1C2, C2C3, C4C5, C5C6, etc.
Example: For horizontal edge C3D3 (row 3), query A3B3, B3C3, D3E3, E3F3, etc.

Query same-column/row edge removal scenarios from the training DB.

If the G7H7 edge is removed from the 11x11 grid network, which column (A-K) or row (0-10) contains the edge with the largest density INCREASE compared to baseline?

Use the training DB to find similar scenarios. Answer with only one letter (A-K) or number (0-10).","Based on the analysis of similar edge removal scenarios in the training data, when H6H7 (a vertical edge in column H near row 7) is removed, **Column G** shows the largest density increase of +0.034, which is substantial. This pattern strongly suggests that when the horizontal edge G7H7 is removed, traffic will predominantly reroute through **Column G** (the western end of the removed edge).

ANSWER: G

REASONING: Analysis of similar edge removals in row 7 and columns G/H shows that when vertical edges in column H are removed (H6H7, H7H8), column G experiences the largest density increases (+0.034, +0.029). Since G7H7 connects columns G and H horizontally, removing it forces traffic to reroute, primarily through column G which absorbs the displaced flow.",G,6
H0H1,"You must use the training DB to infer the answer for this UNSEEN scenario.
This specific edge removal simulation does NOT exist in the DB - you must reason from similar cases.

DB Schema:
- simulations (simulation_id, created_at, vehicle_count, net_file, route_file, description)
- trips (simulation_id, trip_id, duration, routeLength, waitingTime, timeLoss, depart, arrival, ...)
- edge_metrics (simulation_id, edge_id, interval_begin, interval_end, speed, density, waitingTime, timeLoss, ...)

Key columns:
- simulations.description: ""A0A1 edge removed"" format (identifies which edge was removed in each simulation)
- edge_metrics.density: road density (higher = more congested)
- edge_metrics.edge_id: edge ID (e.g., A0A1, B2C2)

SQL queries must start with SELECT. Do NOT use WITH clauses (CTEs) - rewrite them as subqueries instead.

Output format (exactly 2 lines):
1. ANSWER: <your answer>
2. REASONING: <2 sentences explaining your reasoning>

Search Strategy: CROSS (same column/row only)

Query edges in the same column or row as the target edge.
Example: For vertical edge C3C4 (column C), query C0C1, C1C2, C2C3, C4C5, C5C6, etc.
Example: For horizontal edge C3D3 (row 3), query A3B3, B3C3, D3E3, E3F3, etc.

Query same-column/row edge removal scenarios from the training DB.

If the H0H1 edge is removed from the 11x11 grid network, which column (A-K) or row (0-10) contains the edge with the largest density INCREASE compared to baseline?

Use the training DB to find similar scenarios. Answer with only one letter (A-K) or number (0-10).","Now let me look at the patterns across these similar scenarios. Let me extract which column/row contains the top affected edge for each:

- **H1H2 removal** (vertical, column H): Top increase = G5G6 (column **G**)
- **G0G1 removal** (vertical, column G): Top increase = E9F9 (row 9 edge between columns E-F)
- **I0I1 removal** (vertical, column I): Top increase = F6F7 (column **F**) and H2I2 (row 2)
- **H2H3 removal** (vertical, column H): Top increases = I5I4, J3J2 (columns **I**, **J**)
- **H0I0 removal** (horizontal, row 0): Top increase = H0H1 (column **H**)
- **H1I1 removal** (horizontal, row 1): Top increases = I0H0 (row 0), I1I0 (column I)

The most directly relevant scenarios are:
1. H0I0 removal (horizontal at row 0, shares node H0 with H0H1) → largest increase in **H0H1** (column **H**)
2. H1H2 removal (vertical in column H, adjacent to H0H1) → largest increase in column **G**

Since H0I0 removal shows H0H1 itself gets the largest increase (0.28), and H0H1 is in column **H**, the answer is likely **H**.

ANSWER: H
REASONING: When analyzing similar edge removal scenarios (H0I0, H1H2, I0I1, G0G1), the most relevant is H0I0 removal which shares node H0 with the target H0H1 edge. In that scenario, H0H1 itself experiences the largest density increase (0.28), indicating column H contains the most affected edge when H0H1 is removed.",H,G
H2I2,"You must use the training DB to infer the answer for this UNSEEN scenario.
This specific edge removal simulation does NOT exist in the DB - you must reason from similar cases.

DB Schema:
- simulations (simulation_id, created_at, vehicle_count, net_file, route_file, description)
- trips (simulation_id, trip_id, duration, routeLength, waitingTime, timeLoss, depart, arrival, ...)
- edge_metrics (simulation_id, edge_id, interval_begin, interval_end, speed, density, waitingTime, timeLoss, ...)

Key columns:
- simulations.description: ""A0A1 edge removed"" format (identifies which edge was removed in each simulation)
- edge_metrics.density: road density (higher = more congested)
- edge_metrics.edge_id: edge ID (e.g., A0A1, B2C2)

SQL queries must start with SELECT. Do NOT use WITH clauses (CTEs) - rewrite them as subqueries instead.

Output format (exactly 2 lines):
1. ANSWER: <your answer>
2. REASONING: <2 sentences explaining your reasoning>

Search Strategy: CROSS (same column/row only)

Query edges in the same column or row as the target edge.
Example: For vertical edge C3C4 (column C), query C0C1, C1C2, C2C3, C4C5, C5C6, etc.
Example: For horizontal edge C3D3 (row 3), query A3B3, B3C3, D3E3, E3F3, etc.

Query same-column/row edge removal scenarios from the training DB.

If the H2I2 edge is removed from the 11x11 grid network, which column (A-K) or row (0-10) contains the edge with the largest density INCREASE compared to baseline?

Use the training DB to find similar scenarios. Answer with only one letter (A-K) or number (0-10).","Based on the analysis of similar horizontal edge removals in row 2:

1. **I2J2 removal** (similar to H2I2): The largest density increase was on edge **I2I3** (0.11 increase) in column **I**
2. **F2G2 removal**: The largest density increase was on edge **F2F3** (0.11 increase) in column **F**

The pattern shows that when a horizontal edge is removed, the column on the ""source"" side (the first letter of the edge) experiences the largest density increase on its vertical edges adjacent to row 2.

For H2I2 removal, the source column is **H**.

ANSWER: H

REASONING: Analysis of similar horizontal edge removals in row 2 (I2J2 and F2G2) shows the largest density increases occur on vertical edges in the source column adjacent to the removed edge. When I2J2 was removed, column I showed the largest increase; when F2G2 was removed, column F showed the largest increase, indicating column H would have the largest increase for H2I2 removal.",H,H
I0J0,"You must use the training DB to infer the answer for this UNSEEN scenario.
This specific edge removal simulation does NOT exist in the DB - you must reason from similar cases.

DB Schema:
- simulations (simulation_id, created_at, vehicle_count, net_file, route_file, description)
- trips (simulation_id, trip_id, duration, routeLength, waitingTime, timeLoss, depart, arrival, ...)
- edge_metrics (simulation_id, edge_id, interval_begin, interval_end, speed, density, waitingTime, timeLoss, ...)

Key columns:
- simulations.description: ""A0A1 edge removed"" format (identifies which edge was removed in each simulation)
- edge_metrics.density: road density (higher = more congested)
- edge_metrics.edge_id: edge ID (e.g., A0A1, B2C2)

SQL queries must start with SELECT. Do NOT use WITH clauses (CTEs) - rewrite them as subqueries instead.

Output format (exactly 2 lines):
1. ANSWER: <your answer>
2. REASONING: <2 sentences explaining your reasoning>

Search Strategy: CROSS (same column/row only)

Query edges in the same column or row as the target edge.
Example: For vertical edge C3C4 (column C), query C0C1, C1C2, C2C3, C4C5, C5C6, etc.
Example: For horizontal edge C3D3 (row 3), query A3B3, B3C3, D3E3, E3F3, etc.

Query same-column/row edge removal scenarios from the training DB.

If the I0J0 edge is removed from the 11x11 grid network, which column (A-K) or row (0-10) contains the edge with the largest density INCREASE compared to baseline?

Use the training DB to find similar scenarios. Answer with only one letter (A-K) or number (0-10).","ERROR: Error code: 400 - {'type': 'error', 'error': {'type': 'invalid_request_error', 'message': 'prompt is too long: 200234 tokens > 200000 maximum'}, 'request_id': 'req_011CXdo35JNVBRK5QT3npuHJ'}",,0
I10I9,"You must use the training DB to infer the answer for this UNSEEN scenario.
This specific edge removal simulation does NOT exist in the DB - you must reason from similar cases.

DB Schema:
- simulations (simulation_id, created_at, vehicle_count, net_file, route_file, description)
- trips (simulation_id, trip_id, duration, routeLength, waitingTime, timeLoss, depart, arrival, ...)
- edge_metrics (simulation_id, edge_id, interval_begin, interval_end, speed, density, waitingTime, timeLoss, ...)

Key columns:
- simulations.description: ""A0A1 edge removed"" format (identifies which edge was removed in each simulation)
- edge_metrics.density: road density (higher = more congested)
- edge_metrics.edge_id: edge ID (e.g., A0A1, B2C2)

SQL queries must start with SELECT. Do NOT use WITH clauses (CTEs) - rewrite them as subqueries instead.

Output format (exactly 2 lines):
1. ANSWER: <your answer>
2. REASONING: <2 sentences explaining your reasoning>

Search Strategy: CROSS (same column/row only)

Query edges in the same column or row as the target edge.
Example: For vertical edge C3C4 (column C), query C0C1, C1C2, C2C3, C4C5, C5C6, etc.
Example: For horizontal edge C3D3 (row 3), query A3B3, B3C3, D3E3, E3F3, etc.

Query same-column/row edge removal scenarios from the training DB.

If the I10I9 edge is removed from the 11x11 grid network, which column (A-K) or row (0-10) contains the edge with the largest density INCREASE compared to baseline?

Use the training DB to find similar scenarios. Answer with only one letter (A-K) or number (0-10).","Perfect! I6I7 removed → I7H7 (row 7, the higher endpoint) has the maximum (0.37).

So the answer for I10I9 removal is **row 10** (or possibly just ""10"").

ANSWER: 10

REASONING: When vertical edges in column I are removed, the horizontal edge at the higher-numbered row endpoint shows the largest density increase. For I7I8 removal, I8H8 (row 8) had the max increase of 0.53; for I6I7 removal, I7H7 (row 7) had the max of 0.37. Therefore, I10I9 removal will have the largest density increase in row 10.",10,5
I2I3,"You must use the training DB to infer the answer for this UNSEEN scenario.
This specific edge removal simulation does NOT exist in the DB - you must reason from similar cases.

DB Schema:
- simulations (simulation_id, created_at, vehicle_count, net_file, route_file, description)
- trips (simulation_id, trip_id, duration, routeLength, waitingTime, timeLoss, depart, arrival, ...)
- edge_metrics (simulation_id, edge_id, interval_begin, interval_end, speed, density, waitingTime, timeLoss, ...)

Key columns:
- simulations.description: ""A0A1 edge removed"" format (identifies which edge was removed in each simulation)
- edge_metrics.density: road density (higher = more congested)
- edge_metrics.edge_id: edge ID (e.g., A0A1, B2C2)

SQL queries must start with SELECT. Do NOT use WITH clauses (CTEs) - rewrite them as subqueries instead.

Output format (exactly 2 lines):
1. ANSWER: <your answer>
2. REASONING: <2 sentences explaining your reasoning>

Search Strategy: CROSS (same column/row only)

Query edges in the same column or row as the target edge.
Example: For vertical edge C3C4 (column C), query C0C1, C1C2, C2C3, C4C5, C5C6, etc.
Example: For horizontal edge C3D3 (row 3), query A3B3, B3C3, D3E3, E3F3, etc.

Query same-column/row edge removal scenarios from the training DB.

If the I2I3 edge is removed from the 11x11 grid network, which column (A-K) or row (0-10) contains the edge with the largest density INCREASE compared to baseline?

Use the training DB to find similar scenarios. Answer with only one letter (A-K) or number (0-10).","H is showing significant increases! Let me confirm by checking H row density increases:

ANSWER: H

REASONING: When edge I2I3 (vertical edge in column I, rows 2-3) is removed, traffic is redistributed to parallel routes. Based on similar edge removal scenarios in column I (like I1I2 and I3I4), column H consistently shows the largest density increases, particularly on edges H1H2, H4H5, and H4H3, indicating that column H becomes the primary alternative route for the disrupted traffic.",H,2
I4J4,"You must use the training DB to infer the answer for this UNSEEN scenario.
This specific edge removal simulation does NOT exist in the DB - you must reason from similar cases.

DB Schema:
- simulations (simulation_id, created_at, vehicle_count, net_file, route_file, description)
- trips (simulation_id, trip_id, duration, routeLength, waitingTime, timeLoss, depart, arrival, ...)
- edge_metrics (simulation_id, edge_id, interval_begin, interval_end, speed, density, waitingTime, timeLoss, ...)

Key columns:
- simulations.description: ""A0A1 edge removed"" format (identifies which edge was removed in each simulation)
- edge_metrics.density: road density (higher = more congested)
- edge_metrics.edge_id: edge ID (e.g., A0A1, B2C2)

SQL queries must start with SELECT. Do NOT use WITH clauses (CTEs) - rewrite them as subqueries instead.

Output format (exactly 2 lines):
1. ANSWER: <your answer>
2. REASONING: <2 sentences explaining your reasoning>

Search Strategy: CROSS (same column/row only)

Query edges in the same column or row as the target edge.
Example: For vertical edge C3C4 (column C), query C0C1, C1C2, C2C3, C4C5, C5C6, etc.
Example: For horizontal edge C3D3 (row 3), query A3B3, B3C3, D3E3, E3F3, etc.

Query same-column/row edge removal scenarios from the training DB.

If the I4J4 edge is removed from the 11x11 grid network, which column (A-K) or row (0-10) contains the edge with the largest density INCREASE compared to baseline?

Use the training DB to find similar scenarios. Answer with only one letter (A-K) or number (0-10).","Based on my analysis of similar edge removal scenarios:

**Summary of findings:**
- When J4J5 removed (vertical in column J, near I4J4): Column **I** shows +1.64 total increase
- When J3J4 removed (vertical in column J, near I4J4): Column **I** shows +1.07 total increase  
- When H4I4 removed (horizontal in row 4, near I4J4): Column **I** shows +0.55 total increase
- When I4I5 removed (vertical in column I): Column H and J show increases, but Column I itself affected
- When I3I4 removed (vertical in column I): Column H and J show increases, but Column I itself affected

The I4J4 edge is a horizontal edge in row 4 connecting columns I and J. Based on the cross-strategy pattern and similar adjacent edge removals, **Column I** consistently shows the largest density increases when edges adjacent to I4J4 are removed (especially when vertical edges in column J are removed).

ANSWER: I

REASONING: Analysis of similar edge removals near I4J4 shows that column I consistently experiences the largest total density increase, particularly edges I5I4, I4I3, and I8I7. When vertical J-column edges (J3J4, J4J5) are removed, column I shows density increases of 1.07-1.64, the highest among all columns.",I,0
I8I9,"You must use the training DB to infer the answer for this UNSEEN scenario.
This specific edge removal simulation does NOT exist in the DB - you must reason from similar cases.

DB Schema:
- simulations (simulation_id, created_at, vehicle_count, net_file, route_file, description)
- trips (simulation_id, trip_id, duration, routeLength, waitingTime, timeLoss, depart, arrival, ...)
- edge_metrics (simulation_id, edge_id, interval_begin, interval_end, speed, density, waitingTime, timeLoss, ...)

Key columns:
- simulations.description: ""A0A1 edge removed"" format (identifies which edge was removed in each simulation)
- edge_metrics.density: road density (higher = more congested)
- edge_metrics.edge_id: edge ID (e.g., A0A1, B2C2)

SQL queries must start with SELECT. Do NOT use WITH clauses (CTEs) - rewrite them as subqueries instead.

Output format (exactly 2 lines):
1. ANSWER: <your answer>
2. REASONING: <2 sentences explaining your reasoning>

Search Strategy: CROSS (same column/row only)

Query edges in the same column or row as the target edge.
Example: For vertical edge C3C4 (column C), query C0C1, C1C2, C2C3, C4C5, C5C6, etc.
Example: For horizontal edge C3D3 (row 3), query A3B3, B3C3, D3E3, E3F3, etc.

Query same-column/row edge removal scenarios from the training DB.

If the I8I9 edge is removed from the 11x11 grid network, which column (A-K) or row (0-10) contains the edge with the largest density INCREASE compared to baseline?

Use the training DB to find similar scenarios. Answer with only one letter (A-K) or number (0-10).","Excellent! When I6I7 is removed (connects rows 6-7):
- Row 7: +2.29 (largest increase)
- Row 8: +0.02 (minimal)

This confirms the pattern: when a vertical edge IxI(x+1) is removed, row x or x+1 sees the largest density increase. Since I8I9 connects rows 8 and 9, one of these rows should see the largest impact. Let me check which one by looking at a closer scenario - checking I7I8 again more carefully:

Based on the data:
- When I7I8 removed: Row 8 had +2.06
- When I6I7 removed: Row 7 had +2.29

This suggests that the UPPER row of the removed edge sees the biggest increase. For I8I9, that would be row 8.

ANSWER: 8

REASONING: When vertical edge I7I8 (adjacent to I8I9) was removed, row 8 showed the largest aggregated density increase (+2.06) compared to other rows and columns. Similarly, when I6I7 was removed, row 7 showed the largest increase (+2.29), confirming that the upper row of a removed vertical edge experiences the greatest density increase as traffic reroutes through parallel horizontal edges.",8,H
J0J1,"You must use the training DB to infer the answer for this UNSEEN scenario.
This specific edge removal simulation does NOT exist in the DB - you must reason from similar cases.

DB Schema:
- simulations (simulation_id, created_at, vehicle_count, net_file, route_file, description)
- trips (simulation_id, trip_id, duration, routeLength, waitingTime, timeLoss, depart, arrival, ...)
- edge_metrics (simulation_id, edge_id, interval_begin, interval_end, speed, density, waitingTime, timeLoss, ...)

Key columns:
- simulations.description: ""A0A1 edge removed"" format (identifies which edge was removed in each simulation)
- edge_metrics.density: road density (higher = more congested)
- edge_metrics.edge_id: edge ID (e.g., A0A1, B2C2)

SQL queries must start with SELECT. Do NOT use WITH clauses (CTEs) - rewrite them as subqueries instead.

Output format (exactly 2 lines):
1. ANSWER: <your answer>
2. REASONING: <2 sentences explaining your reasoning>

Search Strategy: CROSS (same column/row only)

Query edges in the same column or row as the target edge.
Example: For vertical edge C3C4 (column C), query C0C1, C1C2, C2C3, C4C5, C5C6, etc.
Example: For horizontal edge C3D3 (row 3), query A3B3, B3C3, D3E3, E3F3, etc.

Query same-column/row edge removal scenarios from the training DB.

If the J0J1 edge is removed from the 11x11 grid network, which column (A-K) or row (0-10) contains the edge with the largest density INCREASE compared to baseline?

Use the training DB to find similar scenarios. Answer with only one letter (A-K) or number (0-10).","E0E1 removed → row 1 horizontal edges show strong increases: D1E1 (+0.17), E1D1 (+0.13), F1E1 (+0.11)

The pattern is clear and consistent: **Row 1 shows the largest density increases when X0X1 edges are removed!**

ANSWER: 1

REASONING: Analysis of training data shows that when vertical edges connecting rows 0 and 1 (X0X1 pattern) are removed, horizontal edges in row 1 consistently experience the largest density increases. For example, when I0I1 was removed, row 1 edges like D1E1 and H1G1 showed increases of 0.08-0.13, which were among the highest across the entire network.",1,D
J2K2,"You must use the training DB to infer the answer for this UNSEEN scenario.
This specific edge removal simulation does NOT exist in the DB - you must reason from similar cases.

DB Schema:
- simulations (simulation_id, created_at, vehicle_count, net_file, route_file, description)
- trips (simulation_id, trip_id, duration, routeLength, waitingTime, timeLoss, depart, arrival, ...)
- edge_metrics (simulation_id, edge_id, interval_begin, interval_end, speed, density, waitingTime, timeLoss, ...)

Key columns:
- simulations.description: ""A0A1 edge removed"" format (identifies which edge was removed in each simulation)
- edge_metrics.density: road density (higher = more congested)
- edge_metrics.edge_id: edge ID (e.g., A0A1, B2C2)

SQL queries must start with SELECT. Do NOT use WITH clauses (CTEs) - rewrite them as subqueries instead.

Output format (exactly 2 lines):
1. ANSWER: <your answer>
2. REASONING: <2 sentences explaining your reasoning>

Search Strategy: CROSS (same column/row only)

Query edges in the same column or row as the target edge.
Example: For vertical edge C3C4 (column C), query C0C1, C1C2, C2C3, C4C5, C5C6, etc.
Example: For horizontal edge C3D3 (row 3), query A3B3, B3C3, D3E3, E3F3, etc.

Query same-column/row edge removal scenarios from the training DB.

If the J2K2 edge is removed from the 11x11 grid network, which column (A-K) or row (0-10) contains the edge with the largest density INCREASE compared to baseline?

Use the training DB to find similar scenarios. Answer with only one letter (A-K) or number (0-10).","Perfect! E2F2 removal → Column E has largest increase. The pattern is consistent: when horizontal edge X#Y# is removed, column X (the source/left column) experiences the largest density increase.

Therefore, for J2K2 removal, Column J should experience the largest density increase.

ANSWER: J

REASONING: Analysis of similar horizontal edge removals in row 2 (I2J2, B2C2, D2E2, E2F2) shows a consistent pattern where the source column (left endpoint) of the removed edge experiences the largest total density increase. Since J2K2 connects J2 to K2, column J would see the largest density increase when this edge is removed.",J,1
J6K6,"You must use the training DB to infer the answer for this UNSEEN scenario.
This specific edge removal simulation does NOT exist in the DB - you must reason from similar cases.

DB Schema:
- simulations (simulation_id, created_at, vehicle_count, net_file, route_file, description)
- trips (simulation_id, trip_id, duration, routeLength, waitingTime, timeLoss, depart, arrival, ...)
- edge_metrics (simulation_id, edge_id, interval_begin, interval_end, speed, density, waitingTime, timeLoss, ...)

Key columns:
- simulations.description: ""A0A1 edge removed"" format (identifies which edge was removed in each simulation)
- edge_metrics.density: road density (higher = more congested)
- edge_metrics.edge_id: edge ID (e.g., A0A1, B2C2)

SQL queries must start with SELECT. Do NOT use WITH clauses (CTEs) - rewrite them as subqueries instead.

Output format (exactly 2 lines):
1. ANSWER: <your answer>
2. REASONING: <2 sentences explaining your reasoning>

Search Strategy: CROSS (same column/row only)

Query edges in the same column or row as the target edge.
Example: For vertical edge C3C4 (column C), query C0C1, C1C2, C2C3, C4C5, C5C6, etc.
Example: For horizontal edge C3D3 (row 3), query A3B3, B3C3, D3E3, E3F3, etc.

Query same-column/row edge removal scenarios from the training DB.

If the J6K6 edge is removed from the 11x11 grid network, which column (A-K) or row (0-10) contains the edge with the largest density INCREASE compared to baseline?

Use the training DB to find similar scenarios. Answer with only one letter (A-K) or number (0-10).","When K6K7 was removed, column I still shows the highest increases (I5I4: 0.14, I7I6: 0.12). This pattern is consistent!

Based on the analysis:
- When edges in column J are removed (J5J6, J6J7), column **I** shows the largest density increases
- When edges in column K are removed (K6K7), column **I** still shows large increases
- When horizontal edges in row 6 are removed near the J-K area, column I edges show the highest impact

Therefore, when J6K6 is removed, column **I** will likely contain the edge with the largest density increase.

ANSWER: I

REASONING: Analysis of similar edge removals shows that when edges near columns J-K in row 6 are removed (such as I6J6, J5J6, J6J7, or K6K7), column I consistently exhibits the largest density increases, particularly edge I5I4 with increases of 0.14-0.50. This pattern strongly suggests column I will experience the largest density increase when J6K6 is removed.",I,7
K10K9,"You must use the training DB to infer the answer for this UNSEEN scenario.
This specific edge removal simulation does NOT exist in the DB - you must reason from similar cases.

DB Schema:
- simulations (simulation_id, created_at, vehicle_count, net_file, route_file, description)
- trips (simulation_id, trip_id, duration, routeLength, waitingTime, timeLoss, depart, arrival, ...)
- edge_metrics (simulation_id, edge_id, interval_begin, interval_end, speed, density, waitingTime, timeLoss, ...)

Key columns:
- simulations.description: ""A0A1 edge removed"" format (identifies which edge was removed in each simulation)
- edge_metrics.density: road density (higher = more congested)
- edge_metrics.edge_id: edge ID (e.g., A0A1, B2C2)

SQL queries must start with SELECT. Do NOT use WITH clauses (CTEs) - rewrite them as subqueries instead.

Output format (exactly 2 lines):
1. ANSWER: <your answer>
2. REASONING: <2 sentences explaining your reasoning>

Search Strategy: CROSS (same column/row only)

Query edges in the same column or row as the target edge.
Example: For vertical edge C3C4 (column C), query C0C1, C1C2, C2C3, C4C5, C5C6, etc.
Example: For horizontal edge C3D3 (row 3), query A3B3, B3C3, D3E3, E3F3, etc.

Query same-column/row edge removal scenarios from the training DB.

If the K10K9 edge is removed from the 11x11 grid network, which column (A-K) or row (0-10) contains the edge with the largest density INCREASE compared to baseline?

Use the training DB to find similar scenarios. Answer with only one letter (A-K) or number (0-10).","When K6K7 is removed, K7J7 (horizontal edge in row 7 in column K) shows 0.13 increase. The pattern is:
- K6K7 removed → row 7 affected (K7J7)
- K7K8 removed → row 8 affected (J8K8)  
- K8K9 removed → row 8 affected (J8K8)

For K10K9 removal, I would expect row 9 or row 10 to be most affected. The answer should be either **9** or **10** or **K**.

Based on the consistent pattern where removing a vertical K edge affects the row at the upper end of that edge most (e.g., K7K8 → row 8), K10K9 would most affect **row 9** or potentially **row 10**.

However, the analysis also shows that column J consistently has high increases when column K edges are removed (J8K8 for K7K8 and K8K9). So column **J** is also a strong candidate.

Let me verify by checking if column K itself or column J shows more total impact:

Based on all the evidence:
- When vertical edges in column K are removed (K6K7, K7K8, K8K9), the horizontal edges connecting column J to column K in the corresponding rows show the largest increases
- This suggests that for K10K9 removal, either row 9, row 10, or column J would be most affected

Given the pattern that J8K8 (in row 8, connecting column J) had the highest increases for K8K9 removal, for K10K9 the answer is most likely **J** (column J) or **9** (row 9).

ANSWER: J

REASONING: When vertical edges in column K are removed (K6K7→row 7, K7K8→row 8, K8K9→row 8), the horizontal edges in column J connecting to K show the largest density increases (e.g., J8K8 had 0.17-0.22 increase). For K10K9 removal, column J would similarly experience the largest density increases as traffic reroutes through horizontal alternatives in column J.",J,F
K5K6,"You must use the training DB to infer the answer for this UNSEEN scenario.
This specific edge removal simulation does NOT exist in the DB - you must reason from similar cases.

DB Schema:
- simulations (simulation_id, created_at, vehicle_count, net_file, route_file, description)
- trips (simulation_id, trip_id, duration, routeLength, waitingTime, timeLoss, depart, arrival, ...)
- edge_metrics (simulation_id, edge_id, interval_begin, interval_end, speed, density, waitingTime, timeLoss, ...)

Key columns:
- simulations.description: ""A0A1 edge removed"" format (identifies which edge was removed in each simulation)
- edge_metrics.density: road density (higher = more congested)
- edge_metrics.edge_id: edge ID (e.g., A0A1, B2C2)

SQL queries must start with SELECT. Do NOT use WITH clauses (CTEs) - rewrite them as subqueries instead.

Output format (exactly 2 lines):
1. ANSWER: <your answer>
2. REASONING: <2 sentences explaining your reasoning>

Search Strategy: CROSS (same column/row only)

Query edges in the same column or row as the target edge.
Example: For vertical edge C3C4 (column C), query C0C1, C1C2, C2C3, C4C5, C5C6, etc.
Example: For horizontal edge C3D3 (row 3), query A3B3, B3C3, D3E3, E3F3, etc.

Query same-column/row edge removal scenarios from the training DB.

If the K5K6 edge is removed from the 11x11 grid network, which column (A-K) or row (0-10) contains the edge with the largest density INCREASE compared to baseline?

Use the training DB to find similar scenarios. Answer with only one letter (A-K) or number (0-10).","Interesting - while column I has the single edge with the maximum increase, overall it shows a slight total decrease. Let me look at the question differently - which column/row contains THE edge with the largest increase:

For K4K5 removal: I5H5 is the edge with max increase (0.23)
- This edge connects column I to column H
- This edge is in row 5

For K6K7 removal: I5I4 is the edge with max increase (0.14)  
- This edge is in column I
- This edge connects rows 5 and 4

For J5K5 removal: F6F7 is the edge with max increase (0.13)
- This edge is in column F
- This edge connects rows 6 and 7

The pattern shows column I appears in 2 out of 3 scenarios for edges near the K column removals. Given that K5K6 is being removed (similar to K4K5 and K6K7), column I is the most likely answer.

ANSWER: I

REASONING: Analysis of similar edge removals in column K (K4K5 and K6K7) shows that column I consistently contains edges with the largest density increases, with I5H5 showing a 0.23 increase for K4K5 removal and I5I4 showing a 0.14 increase for K6K7 removal. This pattern suggests column I would experience the largest density increase when K5K6 is removed.",I,6
