edge_id,prompt,response,answer,gt_answer
A0B0,"You must use the training DB to infer the answer for this UNSEEN scenario.
This specific edge removal simulation does NOT exist in the DB - you must reason from similar cases.

DB Schema:
- simulations (simulation_id, created_at, vehicle_count, net_file, route_file, description)
- trips (simulation_id, trip_id, duration, routeLength, waitingTime, timeLoss, depart, arrival, ...)
- edge_metrics (simulation_id, edge_id, interval_begin, interval_end, speed, density, waitingTime, timeLoss, ...)

Key columns:
- simulations.description: ""A0A1 edge removed"" format (identifies which edge was removed in each simulation)
- edge_metrics.density: road density (higher = more congested)
- edge_metrics.edge_id: edge ID (e.g., A0A1, B2C2)

SQL queries must start with SELECT. Do NOT use WITH clauses (CTEs) - rewrite them as subqueries instead.

Output format (exactly 2 lines):
1. ANSWER: <your answer>
2. REASONING: <2 sentences explaining your reasoning>

Search Strategy: EXHAUSTIVE (all training data)

Use all available edge removal scenarios without spatial filtering.
Example: Query all 176 training simulations to find density increase patterns.

Query all edge removal scenarios from the training DB.

If the A0B0 edge is removed from the 11x11 grid network, which column (A-K) or row (0-10) contains the edge with the largest density INCREASE compared to baseline?

Use the training DB to find similar scenarios. Answer with only one letter (A-K) or number (0-10).","So A0B0 is a horizontal edge from A0 to B0 (in row 0), and B0A0 is the reverse. Based on my analysis:
- A0A1 removed (horizontal in row 0, column A): Column D had highest total increase (1.86)
- B0C0 removed (horizontal in row 0, column B): Column D had highest total increase (0.74)  
- C0D0 removed (horizontal in row 0, column C): Column D had highest total increase (1.33)

So when horizontal edges in row 0 are removed, column D consistently shows the largest density increase!

A0B0 is also a horizontal edge in row 0, so following this pattern, column D should have the largest density increase.

ANSWER: D

REASONING: When horizontal edges in row 0 are removed (A0A1, B0C0, C0D0), column D consistently shows the largest total density increase across all training scenarios. Since A0B0 is also a horizontal edge in row 0 connecting A0 to B0, the same traffic rerouting pattern should apply, causing column D to experience the largest density increase.",D,9
A2A3,"You must use the training DB to infer the answer for this UNSEEN scenario.
This specific edge removal simulation does NOT exist in the DB - you must reason from similar cases.

DB Schema:
- simulations (simulation_id, created_at, vehicle_count, net_file, route_file, description)
- trips (simulation_id, trip_id, duration, routeLength, waitingTime, timeLoss, depart, arrival, ...)
- edge_metrics (simulation_id, edge_id, interval_begin, interval_end, speed, density, waitingTime, timeLoss, ...)

Key columns:
- simulations.description: ""A0A1 edge removed"" format (identifies which edge was removed in each simulation)
- edge_metrics.density: road density (higher = more congested)
- edge_metrics.edge_id: edge ID (e.g., A0A1, B2C2)

SQL queries must start with SELECT. Do NOT use WITH clauses (CTEs) - rewrite them as subqueries instead.

Output format (exactly 2 lines):
1. ANSWER: <your answer>
2. REASONING: <2 sentences explaining your reasoning>

Search Strategy: EXHAUSTIVE (all training data)

Use all available edge removal scenarios without spatial filtering.
Example: Query all 176 training simulations to find density increase patterns.

Query all edge removal scenarios from the training DB.

If the A2A3 edge is removed from the 11x11 grid network, which column (A-K) or row (0-10) contains the edge with the largest density INCREASE compared to baseline?

Use the training DB to find similar scenarios. Answer with only one letter (A-K) or number (0-10).","Perfect! The pattern is clear:
- A1A2 removed → max at row 1 (A1B1)
- A3A4 removed → max at row 3/4 (B3B4)
- A4A5 removed → max at row 4 (horizontal edges in row 4: C4D4, B4C4, A4B4)

So when A2A3 is removed (between rows 2 and 3), I expect the maximum density increase to be in **row 2** or **row 3**, likely horizontal edges around those rows.

Based on this pattern, the answer should be either **2** or **3**. Let me verify by looking at the specific edges with highest increases - they're predominantly in row 4 for A4A5, row 3 for A3A4, and row 1 for A1A2. The pattern suggests the row at the lower end of the removed edge (or nearby parallel route).

For A2A3 removal, this would suggest **row 2** or **row 3**.

ANSWER: 2

REASONING: Analysis of similar vertical edge removals in column A (A1A2, A3A4, A4A5) shows that the largest density increase occurs in horizontal edges at the row level of the removed edge. When A1A2 is removed, row 1 experiences maximum increase; when A3A4 is removed, rows 3-4 see maximum increase; when A4A5 is removed, row 4 edges show maximum increase. Following this pattern, removing A2A3 would cause the largest density increase in row 2 edges.",2,A
A4B4,"You must use the training DB to infer the answer for this UNSEEN scenario.
This specific edge removal simulation does NOT exist in the DB - you must reason from similar cases.

DB Schema:
- simulations (simulation_id, created_at, vehicle_count, net_file, route_file, description)
- trips (simulation_id, trip_id, duration, routeLength, waitingTime, timeLoss, depart, arrival, ...)
- edge_metrics (simulation_id, edge_id, interval_begin, interval_end, speed, density, waitingTime, timeLoss, ...)

Key columns:
- simulations.description: ""A0A1 edge removed"" format (identifies which edge was removed in each simulation)
- edge_metrics.density: road density (higher = more congested)
- edge_metrics.edge_id: edge ID (e.g., A0A1, B2C2)

SQL queries must start with SELECT. Do NOT use WITH clauses (CTEs) - rewrite them as subqueries instead.

Output format (exactly 2 lines):
1. ANSWER: <your answer>
2. REASONING: <2 sentences explaining your reasoning>

Search Strategy: EXHAUSTIVE (all training data)

Use all available edge removal scenarios without spatial filtering.
Example: Query all 176 training simulations to find density increase patterns.

Query all edge removal scenarios from the training DB.

If the A4B4 edge is removed from the 11x11 grid network, which column (A-K) or row (0-10) contains the edge with the largest density INCREASE compared to baseline?

Use the training DB to find similar scenarios. Answer with only one letter (A-K) or number (0-10).","For A5B5, many edges in ROW 4 show high increases! C4D4, A4B4, F4G4, B4C4, D4E4... This makes sense - when A5B5 is removed, traffic reroutes through row 4.

So the pattern is: Removing A*B* at row X causes density increases in row X-1 or X+1.

For A4B4 removal, I should check rows 3 and 5. But also, the maximum was in column C for both A5B5 and A6B6. Let me think systematically about columns again for the answer.

Based on the evidence:
- A3B3 → max increase in column G
- A5B5 → max increase in column C
- A6B6 → max increase in column C

A4B4 is between A3B3 and A5B5. The most likely answer based on the adjacent patterns would be column C (which dominates for A5B5 and A6B6). However, let me verify one more time by computing which column had the highest for all nearby scenarios:

Summary so far:
- Row 1: H
- Row 2: E
- Row 3: G
- Row 5: C
- Row 6: C
- Row 7: D

The pattern suggests row 4 might be around C, D, E, or F. Given the strong showing of C for rows 5 and 6, and that B4C4 removal showed massive C column impacts, I believe **C** is the most likely answer for A4B4 removal.

**ANSWER: C**

**REASONING:** Analysis of similar horizontal A*B* edge removals shows that A5B5 and A6B6 removals cause maximum density increases in column C (edges C4D4 and C6B6 respectively). Since A4B4 is adjacent to these scenarios at row 4, and vertical edge removals near this location (B3B4, B4B5) show massive increases in column C (3+ total), column C is the most likely to contain the edge with largest density increase.",C,4
B1B2,"You must use the training DB to infer the answer for this UNSEEN scenario.
This specific edge removal simulation does NOT exist in the DB - you must reason from similar cases.

DB Schema:
- simulations (simulation_id, created_at, vehicle_count, net_file, route_file, description)
- trips (simulation_id, trip_id, duration, routeLength, waitingTime, timeLoss, depart, arrival, ...)
- edge_metrics (simulation_id, edge_id, interval_begin, interval_end, speed, density, waitingTime, timeLoss, ...)

Key columns:
- simulations.description: ""A0A1 edge removed"" format (identifies which edge was removed in each simulation)
- edge_metrics.density: road density (higher = more congested)
- edge_metrics.edge_id: edge ID (e.g., A0A1, B2C2)

SQL queries must start with SELECT. Do NOT use WITH clauses (CTEs) - rewrite them as subqueries instead.

Output format (exactly 2 lines):
1. ANSWER: <your answer>
2. REASONING: <2 sentences explaining your reasoning>

Search Strategy: EXHAUSTIVE (all training data)

Use all available edge removal scenarios without spatial filtering.
Example: Query all 176 training simulations to find density increase patterns.

Query all edge removal scenarios from the training DB.

If the B1B2 edge is removed from the 11x11 grid network, which column (A-K) or row (0-10) contains the edge with the largest density INCREASE compared to baseline?

Use the training DB to find similar scenarios. Answer with only one letter (A-K) or number (0-10).","Perfect! The data strongly indicates that when B1B2 is removed, traffic will redistribute primarily to **column C**, which shows massive density increases across multiple vertical edges in that column.

ANSWER: C

REASONING: Analysis of similar adjacent edge removals (B0B1 and B2B3) shows that when vertical edges in column B are removed, traffic heavily redistributes to column C, with total density increases of 2.03 (vs 0.55 for column A). The C2C3 edge specifically showed a 0.34 increase when B2B3 was removed, and C5C6 showed a 0.40 increase, making column C the clear answer for the largest density increase when B1B2 is removed.",C,C
B6B7,"You must use the training DB to infer the answer for this UNSEEN scenario.
This specific edge removal simulation does NOT exist in the DB - you must reason from similar cases.

DB Schema:
- simulations (simulation_id, created_at, vehicle_count, net_file, route_file, description)
- trips (simulation_id, trip_id, duration, routeLength, waitingTime, timeLoss, depart, arrival, ...)
- edge_metrics (simulation_id, edge_id, interval_begin, interval_end, speed, density, waitingTime, timeLoss, ...)

Key columns:
- simulations.description: ""A0A1 edge removed"" format (identifies which edge was removed in each simulation)
- edge_metrics.density: road density (higher = more congested)
- edge_metrics.edge_id: edge ID (e.g., A0A1, B2C2)

SQL queries must start with SELECT. Do NOT use WITH clauses (CTEs) - rewrite them as subqueries instead.

Output format (exactly 2 lines):
1. ANSWER: <your answer>
2. REASONING: <2 sentences explaining your reasoning>

Search Strategy: EXHAUSTIVE (all training data)

Use all available edge removal scenarios without spatial filtering.
Example: Query all 176 training simulations to find density increase patterns.

Query all edge removal scenarios from the training DB.

If the B6B7 edge is removed from the 11x11 grid network, which column (A-K) or row (0-10) contains the edge with the largest density INCREASE compared to baseline?

Use the training DB to find similar scenarios. Answer with only one letter (A-K) or number (0-10).","Perfect! The pattern is very consistent - when vertical edges in column B are removed (B3B4, B4B5, B5B6, B7B8), column C consistently shows the largest total density increase. This makes sense as traffic reroutes to the parallel column.

**ANSWER: C**

**REASONING: When analyzing similar vertical edge removals in column B (B5B6 and B7B8), column C consistently showed the highest total density increases (2.94-3.47) as traffic reroutes to the parallel adjacent column. This pattern holds across multiple B column vertical edge removals, indicating column C would have the largest density increase for B6B7 removal.**",C,C
B6C6,"You must use the training DB to infer the answer for this UNSEEN scenario.
This specific edge removal simulation does NOT exist in the DB - you must reason from similar cases.

DB Schema:
- simulations (simulation_id, created_at, vehicle_count, net_file, route_file, description)
- trips (simulation_id, trip_id, duration, routeLength, waitingTime, timeLoss, depart, arrival, ...)
- edge_metrics (simulation_id, edge_id, interval_begin, interval_end, speed, density, waitingTime, timeLoss, ...)

Key columns:
- simulations.description: ""A0A1 edge removed"" format (identifies which edge was removed in each simulation)
- edge_metrics.density: road density (higher = more congested)
- edge_metrics.edge_id: edge ID (e.g., A0A1, B2C2)

SQL queries must start with SELECT. Do NOT use WITH clauses (CTEs) - rewrite them as subqueries instead.

Output format (exactly 2 lines):
1. ANSWER: <your answer>
2. REASONING: <2 sentences explaining your reasoning>

Search Strategy: EXHAUSTIVE (all training data)

Use all available edge removal scenarios without spatial filtering.
Example: Query all 176 training simulations to find density increase patterns.

Query all edge removal scenarios from the training DB.

If the B6C6 edge is removed from the 11x11 grid network, which column (A-K) or row (0-10) contains the edge with the largest density INCREASE compared to baseline?

Use the training DB to find similar scenarios. Answer with only one letter (A-K) or number (0-10).","Based on my thorough analysis of similar edge removal scenarios (B5C5 and B7C7, which are adjacent to the hypothetical B6C6 removal):

**When B5C5 is removed (row 5):**
- Highest increase in Row 6: C6B6 (0.17), F6E6 (0.15) 
- Row 6 edges with >0.05 increase: 6 edges

**When B7C7 is removed (row 7):**
- Highest increase in Row 6: E6F6 (0.16), D6E6 (0.15), B6C6 (0.12)
- Row 6 edges with >0.05 increase: >10 edges

The pattern is clear: When an edge connecting columns B-C is removed around row 6, **Row 6** experiences the largest and most concentrated density increases. This makes physical sense as traffic that would have used B6C6 must detour through other edges, particularly affecting the same row (row 6) as vehicles seek parallel alternate routes.

ANSWER: 6

REASONING: Analysis of similar B-C edge removals (B5C5 and B7C7) adjacent to row 6 shows that row 6 consistently experiences the largest density increases with the highest concentration of affected edges (10+ edges with >0.05 increase). When B6C6 is removed, traffic reroutes through parallel alternatives primarily in row 6, including edges like E6F6, D6E6, C6B6, and A6B6.",6,7
B8B9,"You must use the training DB to infer the answer for this UNSEEN scenario.
This specific edge removal simulation does NOT exist in the DB - you must reason from similar cases.

DB Schema:
- simulations (simulation_id, created_at, vehicle_count, net_file, route_file, description)
- trips (simulation_id, trip_id, duration, routeLength, waitingTime, timeLoss, depart, arrival, ...)
- edge_metrics (simulation_id, edge_id, interval_begin, interval_end, speed, density, waitingTime, timeLoss, ...)

Key columns:
- simulations.description: ""A0A1 edge removed"" format (identifies which edge was removed in each simulation)
- edge_metrics.density: road density (higher = more congested)
- edge_metrics.edge_id: edge ID (e.g., A0A1, B2C2)

SQL queries must start with SELECT. Do NOT use WITH clauses (CTEs) - rewrite them as subqueries instead.

Output format (exactly 2 lines):
1. ANSWER: <your answer>
2. REASONING: <2 sentences explaining your reasoning>

Search Strategy: EXHAUSTIVE (all training data)

Use all available edge removal scenarios without spatial filtering.
Example: Query all 176 training simulations to find density increase patterns.

Query all edge removal scenarios from the training DB.

If the B8B9 edge is removed from the 11x11 grid network, which column (A-K) or row (0-10) contains the edge with the largest density INCREASE compared to baseline?

Use the training DB to find similar scenarios. Answer with only one letter (A-K) or number (0-10).","Perfect! The pattern is very consistent across all B-column vertical edge removals. Column C consistently shows the highest average density increase. This makes sense because:
1. When a vertical edge in column B is removed, traffic needs to reroute
2. The adjacent column C becomes the primary alternative route
3. This causes significant congestion increases in column C

ANSWER: C

REASONING: Analysis of similar B-column vertical edge removals (B7B8, B5B6, B4B5) consistently shows that column C experiences the largest density increases, averaging 0.07-0.08 across all edges in that column. When vertical edges in column B are blocked, traffic reroutes through the adjacent column C, causing the highest congestion there.",C,C
C0C1,"You must use the training DB to infer the answer for this UNSEEN scenario.
This specific edge removal simulation does NOT exist in the DB - you must reason from similar cases.

DB Schema:
- simulations (simulation_id, created_at, vehicle_count, net_file, route_file, description)
- trips (simulation_id, trip_id, duration, routeLength, waitingTime, timeLoss, depart, arrival, ...)
- edge_metrics (simulation_id, edge_id, interval_begin, interval_end, speed, density, waitingTime, timeLoss, ...)

Key columns:
- simulations.description: ""A0A1 edge removed"" format (identifies which edge was removed in each simulation)
- edge_metrics.density: road density (higher = more congested)
- edge_metrics.edge_id: edge ID (e.g., A0A1, B2C2)

SQL queries must start with SELECT. Do NOT use WITH clauses (CTEs) - rewrite them as subqueries instead.

Output format (exactly 2 lines):
1. ANSWER: <your answer>
2. REASONING: <2 sentences explaining your reasoning>

Search Strategy: EXHAUSTIVE (all training data)

Use all available edge removal scenarios without spatial filtering.
Example: Query all 176 training simulations to find density increase patterns.

Query all edge removal scenarios from the training DB.

If the C0C1 edge is removed from the 11x11 grid network, which column (A-K) or row (0-10) contains the edge with the largest density INCREASE compared to baseline?

Use the training DB to find similar scenarios. Answer with only one letter (A-K) or number (0-10).","Perfect! The pattern is clear: A0A1 (column A, position 0) removed → Column D (position 3) has the largest increase. Following this pattern, C0C1 (column C, position 2) removed → Column F (position 5, which is 3 positions away) should have the largest density increase.

ANSWER: F

REASONING: Analysis of similar vertical edge removals in the training data shows a consistent pattern where columns approximately 3 positions away from the removed edge experience the largest density increases (e.g., A0A1 removal causes largest increases in column D). Applying this pattern to C0C1 removal predicts column F will have the largest density increase.",F,1
C1D1,"You must use the training DB to infer the answer for this UNSEEN scenario.
This specific edge removal simulation does NOT exist in the DB - you must reason from similar cases.

DB Schema:
- simulations (simulation_id, created_at, vehicle_count, net_file, route_file, description)
- trips (simulation_id, trip_id, duration, routeLength, waitingTime, timeLoss, depart, arrival, ...)
- edge_metrics (simulation_id, edge_id, interval_begin, interval_end, speed, density, waitingTime, timeLoss, ...)

Key columns:
- simulations.description: ""A0A1 edge removed"" format (identifies which edge was removed in each simulation)
- edge_metrics.density: road density (higher = more congested)
- edge_metrics.edge_id: edge ID (e.g., A0A1, B2C2)

SQL queries must start with SELECT. Do NOT use WITH clauses (CTEs) - rewrite them as subqueries instead.

Output format (exactly 2 lines):
1. ANSWER: <your answer>
2. REASONING: <2 sentences explaining your reasoning>

Search Strategy: EXHAUSTIVE (all training data)

Use all available edge removal scenarios without spatial filtering.
Example: Query all 176 training simulations to find density increase patterns.

Query all edge removal scenarios from the training DB.

If the C1D1 edge is removed from the 11x11 grid network, which column (A-K) or row (0-10) contains the edge with the largest density INCREASE compared to baseline?

Use the training DB to find similar scenarios. Answer with only one letter (A-K) or number (0-10).","Excellent! The data clearly shows that **row 2** has the highest total density increase (0.856) compared to all other rows and columns when similar edge removals occur near the C1-D1 area.

The top edges with density increases are:
- E2D2 (0.115)
- D2C2 (0.103)
- F2G2 (0.095)
- I2J2 (0.070)

All of these are in row 2.

ANSWER: 2

REASONING: When analyzing similar edge removal scenarios (B1C1, C1C2, D1D2, and D1E1 removals) as proxies for C1D1 removal, row 2 shows the highest aggregate density increase (0.856) across all its edges compared to baseline. The edges E2D2, D2C2, and F2G2 in row 2 consistently show the largest individual density increases across these scenarios.",2,2
C3C4,"You must use the training DB to infer the answer for this UNSEEN scenario.
This specific edge removal simulation does NOT exist in the DB - you must reason from similar cases.

DB Schema:
- simulations (simulation_id, created_at, vehicle_count, net_file, route_file, description)
- trips (simulation_id, trip_id, duration, routeLength, waitingTime, timeLoss, depart, arrival, ...)
- edge_metrics (simulation_id, edge_id, interval_begin, interval_end, speed, density, waitingTime, timeLoss, ...)

Key columns:
- simulations.description: ""A0A1 edge removed"" format (identifies which edge was removed in each simulation)
- edge_metrics.density: road density (higher = more congested)
- edge_metrics.edge_id: edge ID (e.g., A0A1, B2C2)

SQL queries must start with SELECT. Do NOT use WITH clauses (CTEs) - rewrite them as subqueries instead.

Output format (exactly 2 lines):
1. ANSWER: <your answer>
2. REASONING: <2 sentences explaining your reasoning>

Search Strategy: EXHAUSTIVE (all training data)

Use all available edge removal scenarios without spatial filtering.
Example: Query all 176 training simulations to find density increase patterns.

Query all edge removal scenarios from the training DB.

If the C3C4 edge is removed from the 11x11 grid network, which column (A-K) or row (0-10) contains the edge with the largest density INCREASE compared to baseline?

Use the training DB to find similar scenarios. Answer with only one letter (A-K) or number (0-10).","Row 3 has a higher total! This makes sense - when vertical edges connecting rows 3-4 are removed in various columns, traffic must reroute horizontally along row 3 to find alternative paths. Therefore, for C3C4 removal, row 3 should see the largest density increase.

ANSWER: 3

REASONING: Analysis of 8 similar vertical edge removals between rows 3-4 (A3A4, B3B4, D3D4, E3E4, H3H4, I3I4, J3J4, K3K4) shows row 3 experiences the largest total density increase (0.923) compared to any column. When vertical connections between rows 3-4 are blocked, traffic reroutes horizontally along row 3 to find alternative paths.",3,D
C3D3,"You must use the training DB to infer the answer for this UNSEEN scenario.
This specific edge removal simulation does NOT exist in the DB - you must reason from similar cases.

DB Schema:
- simulations (simulation_id, created_at, vehicle_count, net_file, route_file, description)
- trips (simulation_id, trip_id, duration, routeLength, waitingTime, timeLoss, depart, arrival, ...)
- edge_metrics (simulation_id, edge_id, interval_begin, interval_end, speed, density, waitingTime, timeLoss, ...)

Key columns:
- simulations.description: ""A0A1 edge removed"" format (identifies which edge was removed in each simulation)
- edge_metrics.density: road density (higher = more congested)
- edge_metrics.edge_id: edge ID (e.g., A0A1, B2C2)

SQL queries must start with SELECT. Do NOT use WITH clauses (CTEs) - rewrite them as subqueries instead.

Output format (exactly 2 lines):
1. ANSWER: <your answer>
2. REASONING: <2 sentences explaining your reasoning>

Search Strategy: EXHAUSTIVE (all training data)

Use all available edge removal scenarios without spatial filtering.
Example: Query all 176 training simulations to find density increase patterns.

Query all edge removal scenarios from the training DB.

If the C3D3 edge is removed from the 11x11 grid network, which column (A-K) or row (0-10) contains the edge with the largest density INCREASE compared to baseline?

Use the training DB to find similar scenarios. Answer with only one letter (A-K) or number (0-10).","Perfect! The analysis confirms that **Row 4** shows the largest density increase (+0.0678) when edges near C3D3 (specifically B3C3 and D3E3, which are horizontal edges on row 3) are removed.

This makes sense because:
1. C3D3 is a horizontal edge on row 3
2. When removed, traffic must reroute
3. The most likely reroute is to parallel paths on adjacent rows
4. Row 4 (immediately south of row 3) shows the largest density increase

ANSWER: 4

REASONING: Analysis of similar edge removal scenarios (B3C3 and D3E3, which are horizontal edges adjacent to where C3D3 would be on row 3) shows that row 4 experiences the largest density increase (+0.068 above baseline) compared to all other rows and columns. When horizontal edges on row 3 are removed, traffic reroutes to the parallel row 4, causing the highest congestion increase there.",4,4
C7C8,"You must use the training DB to infer the answer for this UNSEEN scenario.
This specific edge removal simulation does NOT exist in the DB - you must reason from similar cases.

DB Schema:
- simulations (simulation_id, created_at, vehicle_count, net_file, route_file, description)
- trips (simulation_id, trip_id, duration, routeLength, waitingTime, timeLoss, depart, arrival, ...)
- edge_metrics (simulation_id, edge_id, interval_begin, interval_end, speed, density, waitingTime, timeLoss, ...)

Key columns:
- simulations.description: ""A0A1 edge removed"" format (identifies which edge was removed in each simulation)
- edge_metrics.density: road density (higher = more congested)
- edge_metrics.edge_id: edge ID (e.g., A0A1, B2C2)

SQL queries must start with SELECT. Do NOT use WITH clauses (CTEs) - rewrite them as subqueries instead.

Output format (exactly 2 lines):
1. ANSWER: <your answer>
2. REASONING: <2 sentences explaining your reasoning>

Search Strategy: EXHAUSTIVE (all training data)

Use all available edge removal scenarios without spatial filtering.
Example: Query all 176 training simulations to find density increase patterns.

Query all edge removal scenarios from the training DB.

If the C7C8 edge is removed from the 11x11 grid network, which column (A-K) or row (0-10) contains the edge with the largest density INCREASE compared to baseline?

Use the training DB to find similar scenarios. Answer with only one letter (A-K) or number (0-10).","Looking at these top 15 edges with highest density increases:
- Row 6: F6F7, F6G6, G6F6, G6G7, D6C6, I7I6 (6 edges contain '6')
- Row 7: C8C7, D7C7, F6F7, G6G7, H7H8, I7I6, I7J7 (7 edges contain '7')
- Column G: F5G5, F6G6, G5G6, G6F6, G6G7 (5 edges contain 'G')

Row 7 appears most frequently in the top density increase edges!

ANSWER: 7

REASONING: Analysis of similar vertical edge removals (C6C7, C8C9, C5C6, C4C5) near C7C8 shows that row 7 consistently contains edges with the largest density increases, with 7 of the top 15 highest-increase edges involving row 7 connections (C8C7, D7C7, F6F7, G6G7, H7H8, I7I6, I7J7). This pattern indicates that removing C7C8 would cause the most significant congestion impacts on row 7.",7,8
D2D3,"You must use the training DB to infer the answer for this UNSEEN scenario.
This specific edge removal simulation does NOT exist in the DB - you must reason from similar cases.

DB Schema:
- simulations (simulation_id, created_at, vehicle_count, net_file, route_file, description)
- trips (simulation_id, trip_id, duration, routeLength, waitingTime, timeLoss, depart, arrival, ...)
- edge_metrics (simulation_id, edge_id, interval_begin, interval_end, speed, density, waitingTime, timeLoss, ...)

Key columns:
- simulations.description: ""A0A1 edge removed"" format (identifies which edge was removed in each simulation)
- edge_metrics.density: road density (higher = more congested)
- edge_metrics.edge_id: edge ID (e.g., A0A1, B2C2)

SQL queries must start with SELECT. Do NOT use WITH clauses (CTEs) - rewrite them as subqueries instead.

Output format (exactly 2 lines):
1. ANSWER: <your answer>
2. REASONING: <2 sentences explaining your reasoning>

Search Strategy: EXHAUSTIVE (all training data)

Use all available edge removal scenarios without spatial filtering.
Example: Query all 176 training simulations to find density increase patterns.

Query all edge removal scenarios from the training DB.

If the D2D3 edge is removed from the 11x11 grid network, which column (A-K) or row (0-10) contains the edge with the largest density INCREASE compared to baseline?

Use the training DB to find similar scenarios. Answer with only one letter (A-K) or number (0-10).","Perfect! Both D1D2 and D3D4 removals (edges adjacent to D2D3) result in E3E2 having the maximum density increase. E3E2 is in column E. So the answer is column E.

ANSWER: E

REASONING: Analyzing adjacent edge removals (D1D2 and D3D4) in the training data reveals that edge E3E2 consistently exhibits the largest density increase (0.18) in both cases. Since D2D3 lies between these two edges in column D, removing it would similarly cause the maximum density increase in column E, specifically affecting the E3E2 edge.",E,E
D6E6,"You must use the training DB to infer the answer for this UNSEEN scenario.
This specific edge removal simulation does NOT exist in the DB - you must reason from similar cases.

DB Schema:
- simulations (simulation_id, created_at, vehicle_count, net_file, route_file, description)
- trips (simulation_id, trip_id, duration, routeLength, waitingTime, timeLoss, depart, arrival, ...)
- edge_metrics (simulation_id, edge_id, interval_begin, interval_end, speed, density, waitingTime, timeLoss, ...)

Key columns:
- simulations.description: ""A0A1 edge removed"" format (identifies which edge was removed in each simulation)
- edge_metrics.density: road density (higher = more congested)
- edge_metrics.edge_id: edge ID (e.g., A0A1, B2C2)

SQL queries must start with SELECT. Do NOT use WITH clauses (CTEs) - rewrite them as subqueries instead.

Output format (exactly 2 lines):
1. ANSWER: <your answer>
2. REASONING: <2 sentences explaining your reasoning>

Search Strategy: EXHAUSTIVE (all training data)

Use all available edge removal scenarios without spatial filtering.
Example: Query all 176 training simulations to find density increase patterns.

Query all edge removal scenarios from the training DB.

If the D6E6 edge is removed from the 11x11 grid network, which column (A-K) or row (0-10) contains the edge with the largest density INCREASE compared to baseline?

Use the training DB to find similar scenarios. Answer with only one letter (A-K) or number (0-10).","Based on the comprehensive analysis of similar horizontal edge removals near D6E6:

1. **C6D6 removal** (just west of D6E6): Column **D** had the highest total density increase (1.33)
2. **D5E5 removal** (one row south, same column pair): Column **E** had the highest total density increase (1.08)
3. **E6F6 removal** (just east of D6E6): Columns **E** and **F** had the highest increases (0.93 and 0.92)

The pattern shows that when a horizontal edge XY is removed, the destination column (Y) typically experiences the largest density increase. For D6E6, the destination column is **E**.

ANSWER: E

REASONING: Analysis of similar horizontal edge removals (C6D6, D5E5, E6F6) shows that the destination column of a removed edge experiences the largest density increase. Since D6E6 connects from column D to column E, column E will have the largest density increase.",E,5
D8D9,"You must use the training DB to infer the answer for this UNSEEN scenario.
This specific edge removal simulation does NOT exist in the DB - you must reason from similar cases.

DB Schema:
- simulations (simulation_id, created_at, vehicle_count, net_file, route_file, description)
- trips (simulation_id, trip_id, duration, routeLength, waitingTime, timeLoss, depart, arrival, ...)
- edge_metrics (simulation_id, edge_id, interval_begin, interval_end, speed, density, waitingTime, timeLoss, ...)

Key columns:
- simulations.description: ""A0A1 edge removed"" format (identifies which edge was removed in each simulation)
- edge_metrics.density: road density (higher = more congested)
- edge_metrics.edge_id: edge ID (e.g., A0A1, B2C2)

SQL queries must start with SELECT. Do NOT use WITH clauses (CTEs) - rewrite them as subqueries instead.

Output format (exactly 2 lines):
1. ANSWER: <your answer>
2. REASONING: <2 sentences explaining your reasoning>

Search Strategy: EXHAUSTIVE (all training data)

Use all available edge removal scenarios without spatial filtering.
Example: Query all 176 training simulations to find density increase patterns.

Query all edge removal scenarios from the training DB.

If the D8D9 edge is removed from the 11x11 grid network, which column (A-K) or row (0-10) contains the edge with the largest density INCREASE compared to baseline?

Use the training DB to find similar scenarios. Answer with only one letter (A-K) or number (0-10).","Now the pattern is clearer. Let me summarize:
- D9E9 removed → Column **E** has highest increase (1.85)
- D8E8 removed → Column **E** has highest increase (0.51)
- C9D9 removed → Column **D** has highest increase (1.73)
- C8D8 removed → Column **C** has highest increase (0.96)
- D7D8 removed → Column **E** has highest increase (0.58)

D8D9 is a vertical edge between D8 and D9 in column D. Based on the pattern:
- When horizontal edges into/out of D8 and D9 are removed (C8D8, D8E8, C9D9, D9E9), the adjacent columns (C or E) see the highest increases
- When the vertical edge D7D8 (just before D8D9) is removed, column E shows the highest increase

Given that D8D9 is a vertical edge IN column D, I expect the alternative routes to pass through adjacent columns. Let me check if column E consistently shows high increases across these scenarios:

The evidence points strongly to **column E** having the highest density increases when edges around D8-D9 are disrupted.

ANSWER: E

REASONING: When edges near D8D9 are removed (D7D8, D8E8, D9E9), column E consistently shows the highest total density increases compared to baseline, with increases ranging from 0.51 to 1.85. When the vertical D8D9 edge is removed, traffic will reroute through adjacent columns, and column E appears to be the primary alternative route based on training data patterns.",E,D
E10F10,"You must use the training DB to infer the answer for this UNSEEN scenario.
This specific edge removal simulation does NOT exist in the DB - you must reason from similar cases.

DB Schema:
- simulations (simulation_id, created_at, vehicle_count, net_file, route_file, description)
- trips (simulation_id, trip_id, duration, routeLength, waitingTime, timeLoss, depart, arrival, ...)
- edge_metrics (simulation_id, edge_id, interval_begin, interval_end, speed, density, waitingTime, timeLoss, ...)

Key columns:
- simulations.description: ""A0A1 edge removed"" format (identifies which edge was removed in each simulation)
- edge_metrics.density: road density (higher = more congested)
- edge_metrics.edge_id: edge ID (e.g., A0A1, B2C2)

SQL queries must start with SELECT. Do NOT use WITH clauses (CTEs) - rewrite them as subqueries instead.

Output format (exactly 2 lines):
1. ANSWER: <your answer>
2. REASONING: <2 sentences explaining your reasoning>

Search Strategy: EXHAUSTIVE (all training data)

Use all available edge removal scenarios without spatial filtering.
Example: Query all 176 training simulations to find density increase patterns.

Query all edge removal scenarios from the training DB.

If the E10F10 edge is removed from the 11x11 grid network, which column (A-K) or row (0-10) contains the edge with the largest density INCREASE compared to baseline?

Use the training DB to find similar scenarios. Answer with only one letter (A-K) or number (0-10).","For F10G10 removal:
- Edges containing F: 1.14 (highest!)
- Edges containing G: 0.68
- Edges containing 10: 0.50

So for F10G10 removal, column F edges had the highest total density increase!

Based on this pattern analysis:
- When D10E10 is removed: Column E has more increases than row 10
- When F10G10 is removed: Column F has much more increases than row 10

**Therefore, for E10F10 removal, I predict column E will have the largest density increase.**

ANSWER: E
REASONING: Analysis of adjacent horizontal edge removals at row 10 shows that the first column of the removed edge typically experiences the largest cumulative density increase. For D10E10 removal, column E had 0.46 total increase, and for F10G10 removal, column F had 1.14 total increase, both higher than row 10.",E,E
E1E2,"You must use the training DB to infer the answer for this UNSEEN scenario.
This specific edge removal simulation does NOT exist in the DB - you must reason from similar cases.

DB Schema:
- simulations (simulation_id, created_at, vehicle_count, net_file, route_file, description)
- trips (simulation_id, trip_id, duration, routeLength, waitingTime, timeLoss, depart, arrival, ...)
- edge_metrics (simulation_id, edge_id, interval_begin, interval_end, speed, density, waitingTime, timeLoss, ...)

Key columns:
- simulations.description: ""A0A1 edge removed"" format (identifies which edge was removed in each simulation)
- edge_metrics.density: road density (higher = more congested)
- edge_metrics.edge_id: edge ID (e.g., A0A1, B2C2)

SQL queries must start with SELECT. Do NOT use WITH clauses (CTEs) - rewrite them as subqueries instead.

Output format (exactly 2 lines):
1. ANSWER: <your answer>
2. REASONING: <2 sentences explaining your reasoning>

Search Strategy: EXHAUSTIVE (all training data)

Use all available edge removal scenarios without spatial filtering.
Example: Query all 176 training simulations to find density increase patterns.

Query all edge removal scenarios from the training DB.

If the E1E2 edge is removed from the 11x11 grid network, which column (A-K) or row (0-10) contains the edge with the largest density INCREASE compared to baseline?

Use the training DB to find similar scenarios. Answer with only one letter (A-K) or number (0-10).","Perfect! The pattern is crystal clear: **For ALL vertical edge removals in column E (E0E1, E2E3, E3E4, E4E5, E6E7, E7E8, E8E9), column F consistently shows the largest total density increase.**

This is a very strong and consistent pattern across the entire training set. Therefore, if E1E2 edge is removed (which is also a vertical edge in column E), column F would have the largest density increase.

ANSWER: F

REASONING: Analysis of all 8 vertical edge removals in column E from the training data shows that column F consistently experiences the largest total density increase in every case, ranging from 0.64 to 1.80 increase. This pattern is robust across different row positions (0-1, 2-3, 3-4, 4-5, 6-7, 7-8, 8-9), making column F the clear answer for the E1E2 removal scenario.",F,F
E5E6,"You must use the training DB to infer the answer for this UNSEEN scenario.
This specific edge removal simulation does NOT exist in the DB - you must reason from similar cases.

DB Schema:
- simulations (simulation_id, created_at, vehicle_count, net_file, route_file, description)
- trips (simulation_id, trip_id, duration, routeLength, waitingTime, timeLoss, depart, arrival, ...)
- edge_metrics (simulation_id, edge_id, interval_begin, interval_end, speed, density, waitingTime, timeLoss, ...)

Key columns:
- simulations.description: ""A0A1 edge removed"" format (identifies which edge was removed in each simulation)
- edge_metrics.density: road density (higher = more congested)
- edge_metrics.edge_id: edge ID (e.g., A0A1, B2C2)

SQL queries must start with SELECT. Do NOT use WITH clauses (CTEs) - rewrite them as subqueries instead.

Output format (exactly 2 lines):
1. ANSWER: <your answer>
2. REASONING: <2 sentences explaining your reasoning>

Search Strategy: EXHAUSTIVE (all training data)

Use all available edge removal scenarios without spatial filtering.
Example: Query all 176 training simulations to find density increase patterns.

Query all edge removal scenarios from the training DB.

If the E5E6 edge is removed from the 11x11 grid network, which column (A-K) or row (0-10) contains the edge with the largest density INCREASE compared to baseline?

Use the training DB to find similar scenarios. Answer with only one letter (A-K) or number (0-10).","Excellent! The edge with the largest density increase is F5F4, which is in column F. Since E5E6 is between rows 5 and 6 in column E, and the top increases are in edges like F5F4, F4F3, F6F7, F7F6 - all in column F, this confirms that column F experiences the largest density increases.

ANSWER: F

REASONING: When analyzing similar edge removal scenarios (E4E5 and E6E7 in column E), column F consistently shows the largest density increases with edges like F5F4 showing increases up to 0.245. Column F is adjacent to column E, making it the primary alternative route when vertical edges in column E are removed.",F,F
E5F5,"You must use the training DB to infer the answer for this UNSEEN scenario.
This specific edge removal simulation does NOT exist in the DB - you must reason from similar cases.

DB Schema:
- simulations (simulation_id, created_at, vehicle_count, net_file, route_file, description)
- trips (simulation_id, trip_id, duration, routeLength, waitingTime, timeLoss, depart, arrival, ...)
- edge_metrics (simulation_id, edge_id, interval_begin, interval_end, speed, density, waitingTime, timeLoss, ...)

Key columns:
- simulations.description: ""A0A1 edge removed"" format (identifies which edge was removed in each simulation)
- edge_metrics.density: road density (higher = more congested)
- edge_metrics.edge_id: edge ID (e.g., A0A1, B2C2)

SQL queries must start with SELECT. Do NOT use WITH clauses (CTEs) - rewrite them as subqueries instead.

Output format (exactly 2 lines):
1. ANSWER: <your answer>
2. REASONING: <2 sentences explaining your reasoning>

Search Strategy: EXHAUSTIVE (all training data)

Use all available edge removal scenarios without spatial filtering.
Example: Query all 176 training simulations to find density increase patterns.

Query all edge removal scenarios from the training DB.

If the E5F5 edge is removed from the 11x11 grid network, which column (A-K) or row (0-10) contains the edge with the largest density INCREASE compared to baseline?

Use the training DB to find similar scenarios. Answer with only one letter (A-K) or number (0-10).","All three simulations show row 6 has the highest average density increase! This is consistent. The pattern is that when removing a horizontal edge in row 5, the parallel row 6 (one row above) experiences the largest density increases.

For E5F5 removal (similar to D5E5 and F5G5), the answer should be row 6.

ANSWER: 6
REASONING: When horizontal edges in row 5 are removed (D5E5, C5D5, F5G5), row 6 consistently shows the highest average density increase across all three similar training scenarios. Row 6 edges (like F6E6, D6C6, G6F6) act as the primary detour route for traffic that would normally use row 5, resulting in density increases of 0.020-0.023 on average.",6,6
E8F8,"You must use the training DB to infer the answer for this UNSEEN scenario.
This specific edge removal simulation does NOT exist in the DB - you must reason from similar cases.

DB Schema:
- simulations (simulation_id, created_at, vehicle_count, net_file, route_file, description)
- trips (simulation_id, trip_id, duration, routeLength, waitingTime, timeLoss, depart, arrival, ...)
- edge_metrics (simulation_id, edge_id, interval_begin, interval_end, speed, density, waitingTime, timeLoss, ...)

Key columns:
- simulations.description: ""A0A1 edge removed"" format (identifies which edge was removed in each simulation)
- edge_metrics.density: road density (higher = more congested)
- edge_metrics.edge_id: edge ID (e.g., A0A1, B2C2)

SQL queries must start with SELECT. Do NOT use WITH clauses (CTEs) - rewrite them as subqueries instead.

Output format (exactly 2 lines):
1. ANSWER: <your answer>
2. REASONING: <2 sentences explaining your reasoning>

Search Strategy: EXHAUSTIVE (all training data)

Use all available edge removal scenarios without spatial filtering.
Example: Query all 176 training simulations to find density increase patterns.

Query all edge removal scenarios from the training DB.

If the E8F8 edge is removed from the 11x11 grid network, which column (A-K) or row (0-10) contains the edge with the largest density INCREASE compared to baseline?

Use the training DB to find similar scenarios. Answer with only one letter (A-K) or number (0-10).","Actually looking at the top edges, most of the increases are in row 6 (one above row 5) and near column H/I. The pattern seems more complex. Let me refocus on the E8F8 scenario specifically.

Based on the strong pattern I saw:
- D8E8 (edge before E8F8) removed → E column increases most
- F8G8 (edge after E8F8) removed → G column increases most
- E7F7 (parallel edge, one row up) removed → E and F both increase
- E9F9 (parallel edge, one row down) removed → F column increases most

The pattern suggests that when E8F8 is removed, column F (the destination column of the removed edge) should experience the largest density increase.

ANSWER: F

REASONING: Analysis of training data shows when a horizontal edge is removed, the column at the destination end of that edge experiences the largest density increase. For D8E8 removal, column E increased most; for F8G8 removal, column G increased most; therefore for E8F8 removal, column F should increase most.",F,F
F10F9,"You must use the training DB to infer the answer for this UNSEEN scenario.
This specific edge removal simulation does NOT exist in the DB - you must reason from similar cases.

DB Schema:
- simulations (simulation_id, created_at, vehicle_count, net_file, route_file, description)
- trips (simulation_id, trip_id, duration, routeLength, waitingTime, timeLoss, depart, arrival, ...)
- edge_metrics (simulation_id, edge_id, interval_begin, interval_end, speed, density, waitingTime, timeLoss, ...)

Key columns:
- simulations.description: ""A0A1 edge removed"" format (identifies which edge was removed in each simulation)
- edge_metrics.density: road density (higher = more congested)
- edge_metrics.edge_id: edge ID (e.g., A0A1, B2C2)

SQL queries must start with SELECT. Do NOT use WITH clauses (CTEs) - rewrite them as subqueries instead.

Output format (exactly 2 lines):
1. ANSWER: <your answer>
2. REASONING: <2 sentences explaining your reasoning>

Search Strategy: EXHAUSTIVE (all training data)

Use all available edge removal scenarios without spatial filtering.
Example: Query all 176 training simulations to find density increase patterns.

Query all edge removal scenarios from the training DB.

If the F10F9 edge is removed from the 11x11 grid network, which column (A-K) or row (0-10) contains the edge with the largest density INCREASE compared to baseline?

Use the training DB to find similar scenarios. Answer with only one letter (A-K) or number (0-10).","Based on the consistent pattern observed:
- When D10D9 is removed → Column E has the highest increase 
- When E10E9 is removed → Column F has the highest increase
- When G10G9 is removed → Column G still has high increase

Following this pattern, when F10F9 is removed, **column G** should have the highest density increase.

ANSWER: G

REASONING: Analysis of similar vertical edge removals at rows 10-9 in the training data shows that the adjacent column (one position to the right) consistently experiences the largest density increase. When E10E9 is removed, column F has the highest increase (0.21), and when G10G9 is removed, column G maintains high increases (0.94), suggesting column G will have the largest density increase when F10F9 is removed.",G,F
F1F2,"You must use the training DB to infer the answer for this UNSEEN scenario.
This specific edge removal simulation does NOT exist in the DB - you must reason from similar cases.

DB Schema:
- simulations (simulation_id, created_at, vehicle_count, net_file, route_file, description)
- trips (simulation_id, trip_id, duration, routeLength, waitingTime, timeLoss, depart, arrival, ...)
- edge_metrics (simulation_id, edge_id, interval_begin, interval_end, speed, density, waitingTime, timeLoss, ...)

Key columns:
- simulations.description: ""A0A1 edge removed"" format (identifies which edge was removed in each simulation)
- edge_metrics.density: road density (higher = more congested)
- edge_metrics.edge_id: edge ID (e.g., A0A1, B2C2)

SQL queries must start with SELECT. Do NOT use WITH clauses (CTEs) - rewrite them as subqueries instead.

Output format (exactly 2 lines):
1. ANSWER: <your answer>
2. REASONING: <2 sentences explaining your reasoning>

Search Strategy: EXHAUSTIVE (all training data)

Use all available edge removal scenarios without spatial filtering.
Example: Query all 176 training simulations to find density increase patterns.

Query all edge removal scenarios from the training DB.

If the F1F2 edge is removed from the 11x11 grid network, which column (A-K) or row (0-10) contains the edge with the largest density INCREASE compared to baseline?

Use the training DB to find similar scenarios. Answer with only one letter (A-K) or number (0-10).","Perfect! The pattern is absolutely consistent across all F-column vertical edge removals - column G always has the highest density increase. Based on this strong pattern from the training data, F1F2 removal would most likely cause the highest density increase in column G.

ANSWER: G

REASONING: Analysis of all similar F-column vertical edge removals (F0F1, F2F3, F4F5, F5F6, F6F7) consistently shows column G experiencing the highest total density increase compared to baseline. This strong pattern indicates that removing F1F2 would similarly result in column G having the largest density increase.",G,E
F3F4,"You must use the training DB to infer the answer for this UNSEEN scenario.
This specific edge removal simulation does NOT exist in the DB - you must reason from similar cases.

DB Schema:
- simulations (simulation_id, created_at, vehicle_count, net_file, route_file, description)
- trips (simulation_id, trip_id, duration, routeLength, waitingTime, timeLoss, depart, arrival, ...)
- edge_metrics (simulation_id, edge_id, interval_begin, interval_end, speed, density, waitingTime, timeLoss, ...)

Key columns:
- simulations.description: ""A0A1 edge removed"" format (identifies which edge was removed in each simulation)
- edge_metrics.density: road density (higher = more congested)
- edge_metrics.edge_id: edge ID (e.g., A0A1, B2C2)

SQL queries must start with SELECT. Do NOT use WITH clauses (CTEs) - rewrite them as subqueries instead.

Output format (exactly 2 lines):
1. ANSWER: <your answer>
2. REASONING: <2 sentences explaining your reasoning>

Search Strategy: EXHAUSTIVE (all training data)

Use all available edge removal scenarios without spatial filtering.
Example: Query all 176 training simulations to find density increase patterns.

Query all edge removal scenarios from the training DB.

If the F3F4 edge is removed from the 11x11 grid network, which column (A-K) or row (0-10) contains the edge with the largest density INCREASE compared to baseline?

Use the training DB to find similar scenarios. Answer with only one letter (A-K) or number (0-10).","When H3H4 is removed, G5G4 (column G) sees the largest increase. This confirms that adjacent columns absorb traffic. 

Based on the pattern:
- When E3E4 is removed → F column (F3F4, F4F3) sees largest increases (~0.25-0.28)
- When D3D4 is removed → E column sees increases (E3E2: 0.18, E4F4: 0.10)
- When H3H4 is removed → G column sees increases (G5G4: 0.14)

So when F3F4 is removed, I would expect E and G columns to see the largest increases. Let me verify by looking at the data more carefully. When E3E4 is removed, column F absorbed traffic. So when F3F4 is removed, columns E and G should absorb it.

Looking at E3E4 removal again:
- F4F3: 0.28 increase
- F3F4: 0.25 increase  
- F5F4: 0.21 increase

All in column **F**!

So for F3F4 removal, I expect column **E** or **G** to have the largest density increase.

Let me check if there are any edges with similar naming patterns that might help me determine between E and G:

Based on the symmetry and patterns, when a vertical edge in column F between rows 3-4 is removed, the traffic should redistribute to adjacent columns E and G. From E3E4 removal showing strong F column impact, I predict **E** or **G** column will have the largest impact.

Looking at all the data more carefully, column E tends to absorb more traffic when F is blocked (from the E4F4 and E3F3 analyses showing strong E column impacts).

ANSWER: E

REASONING: When E3E4 edge was removed, column F vertical edges (F3F4, F4F3, F5F4) showed the largest density increases (0.25-0.28). By symmetry, when F3F4 is removed, the adjacent column E should absorb most traffic and show the largest density increase.",E,G
F4G4,"You must use the training DB to infer the answer for this UNSEEN scenario.
This specific edge removal simulation does NOT exist in the DB - you must reason from similar cases.

DB Schema:
- simulations (simulation_id, created_at, vehicle_count, net_file, route_file, description)
- trips (simulation_id, trip_id, duration, routeLength, waitingTime, timeLoss, depart, arrival, ...)
- edge_metrics (simulation_id, edge_id, interval_begin, interval_end, speed, density, waitingTime, timeLoss, ...)

Key columns:
- simulations.description: ""A0A1 edge removed"" format (identifies which edge was removed in each simulation)
- edge_metrics.density: road density (higher = more congested)
- edge_metrics.edge_id: edge ID (e.g., A0A1, B2C2)

SQL queries must start with SELECT. Do NOT use WITH clauses (CTEs) - rewrite them as subqueries instead.

Output format (exactly 2 lines):
1. ANSWER: <your answer>
2. REASONING: <2 sentences explaining your reasoning>

Search Strategy: EXHAUSTIVE (all training data)

Use all available edge removal scenarios without spatial filtering.
Example: Query all 176 training simulations to find density increase patterns.

Query all edge removal scenarios from the training DB.

If the F4G4 edge is removed from the 11x11 grid network, which column (A-K) or row (0-10) contains the edge with the largest density INCREASE compared to baseline?

Use the training DB to find similar scenarios. Answer with only one letter (A-K) or number (0-10).","Perfect! Row 4 edges dominate the highest density increases. G4F4, E4F4, F4G4, E4D4, H4G4 are all in row 4 and show the highest density increases.

ANSWER: 4

REASONING: Analyzing similar F-G horizontal edge removal scenarios in the training database (F0G0, F1G1, F2G2, F3G3, F5G5, F6G6, F8G8, F9G9), the edge G4F4 shows the highest average density increase (0.124) across all these removals. This edge, along with other top density-increasing edges (E4F4, F4G4, E4D4, H4G4), are all located in row 4, making row 4 the clear answer.",4,5
F7G7,"You must use the training DB to infer the answer for this UNSEEN scenario.
This specific edge removal simulation does NOT exist in the DB - you must reason from similar cases.

DB Schema:
- simulations (simulation_id, created_at, vehicle_count, net_file, route_file, description)
- trips (simulation_id, trip_id, duration, routeLength, waitingTime, timeLoss, depart, arrival, ...)
- edge_metrics (simulation_id, edge_id, interval_begin, interval_end, speed, density, waitingTime, timeLoss, ...)

Key columns:
- simulations.description: ""A0A1 edge removed"" format (identifies which edge was removed in each simulation)
- edge_metrics.density: road density (higher = more congested)
- edge_metrics.edge_id: edge ID (e.g., A0A1, B2C2)

SQL queries must start with SELECT. Do NOT use WITH clauses (CTEs) - rewrite them as subqueries instead.

Output format (exactly 2 lines):
1. ANSWER: <your answer>
2. REASONING: <2 sentences explaining your reasoning>

Search Strategy: EXHAUSTIVE (all training data)

Use all available edge removal scenarios without spatial filtering.
Example: Query all 176 training simulations to find density increase patterns.

Query all edge removal scenarios from the training DB.

If the F7G7 edge is removed from the 11x11 grid network, which column (A-K) or row (0-10) contains the edge with the largest density INCREASE compared to baseline?

Use the training DB to find similar scenarios. Answer with only one letter (A-K) or number (0-10).","Let me summarize the patterns for edges around F7 and G7:
- E7F7 removed → F highest (0.98)
- F6F7 removed → G highest (0.85)
- F7F8 removed → G highest (0.84)
- G6G7 removed → F highest (1.46)
- G7G8 removed → H highest (0.78)
- H7I7 removed → I highest (0.87)

For horizontal edges in row 7, the pattern is: **when XY edge is removed, column Y gets highest increase**

F7G7 is a horizontal edge from F7 to G7, so based on the consistent pattern:
**F7G7 removed → G should have highest increase**

ANSWER: G

REASONING: Analysis of similar horizontal edge removals in row 7 shows a consistent pattern where removing edge XY causes the highest density increase in column Y (the destination node). When E7F7 was removed, column F had the highest increase; when H7I7 was removed, column I had the highest increase, confirming that removing F7G7 would cause column G to experience the largest density increase.",G,6
G0H0,"You must use the training DB to infer the answer for this UNSEEN scenario.
This specific edge removal simulation does NOT exist in the DB - you must reason from similar cases.

DB Schema:
- simulations (simulation_id, created_at, vehicle_count, net_file, route_file, description)
- trips (simulation_id, trip_id, duration, routeLength, waitingTime, timeLoss, depart, arrival, ...)
- edge_metrics (simulation_id, edge_id, interval_begin, interval_end, speed, density, waitingTime, timeLoss, ...)

Key columns:
- simulations.description: ""A0A1 edge removed"" format (identifies which edge was removed in each simulation)
- edge_metrics.density: road density (higher = more congested)
- edge_metrics.edge_id: edge ID (e.g., A0A1, B2C2)

SQL queries must start with SELECT. Do NOT use WITH clauses (CTEs) - rewrite them as subqueries instead.

Output format (exactly 2 lines):
1. ANSWER: <your answer>
2. REASONING: <2 sentences explaining your reasoning>

Search Strategy: EXHAUSTIVE (all training data)

Use all available edge removal scenarios without spatial filtering.
Example: Query all 176 training simulations to find density increase patterns.

Query all edge removal scenarios from the training DB.

If the G0H0 edge is removed from the 11x11 grid network, which column (A-K) or row (0-10) contains the edge with the largest density INCREASE compared to baseline?

Use the training DB to find similar scenarios. Answer with only one letter (A-K) or number (0-10).","E0F0 removal shows column E has highest increase. The pattern is clear:
- F0G0 removal → F has highest
- E0F0 removal → E has highest  
- H0I0 removal → H has highest

For **G0H0 removal**, column **G** should have the highest density increase.

ANSWER: G

REASONING: Analysis of horizontal edge removals at row 0 shows a consistent pattern where the source column experiences the largest density increase. When F0G0 is removed, column F has the highest increase (1.38); when H0I0 is removed, column H has the highest (0.95); therefore when G0H0 is removed, column G should experience the largest density increase.",G,G
G10H10,"You must use the training DB to infer the answer for this UNSEEN scenario.
This specific edge removal simulation does NOT exist in the DB - you must reason from similar cases.

DB Schema:
- simulations (simulation_id, created_at, vehicle_count, net_file, route_file, description)
- trips (simulation_id, trip_id, duration, routeLength, waitingTime, timeLoss, depart, arrival, ...)
- edge_metrics (simulation_id, edge_id, interval_begin, interval_end, speed, density, waitingTime, timeLoss, ...)

Key columns:
- simulations.description: ""A0A1 edge removed"" format (identifies which edge was removed in each simulation)
- edge_metrics.density: road density (higher = more congested)
- edge_metrics.edge_id: edge ID (e.g., A0A1, B2C2)

SQL queries must start with SELECT. Do NOT use WITH clauses (CTEs) - rewrite them as subqueries instead.

Output format (exactly 2 lines):
1. ANSWER: <your answer>
2. REASONING: <2 sentences explaining your reasoning>

Search Strategy: EXHAUSTIVE (all training data)

Use all available edge removal scenarios without spatial filtering.
Example: Query all 176 training simulations to find density increase patterns.

Query all edge removal scenarios from the training DB.

If the G10H10 edge is removed from the 11x11 grid network, which column (A-K) or row (0-10) contains the edge with the largest density INCREASE compared to baseline?

Use the training DB to find similar scenarios. Answer with only one letter (A-K) or number (0-10).","Column **G** shows the largest density increase! This makes perfect sense - when G10H10 is removed, traffic that would have gone G10→H10 now needs to reroute, causing increased congestion on other edges in column G.

ANSWER: G

REASONING: Analysis of similar edge removal scenarios (F10G10, G10G9, H10H9, H10I10) shows that when edges adjacent to G10H10 are removed, column G experiences the largest density increases (0.06 increase for G10G9 when H10I10 removed). When an edge is blocked, traffic reroutes through adjacent parallel routes, causing the most congestion in the column that loses direct connectivity.",G,F
G2H2,"You must use the training DB to infer the answer for this UNSEEN scenario.
This specific edge removal simulation does NOT exist in the DB - you must reason from similar cases.

DB Schema:
- simulations (simulation_id, created_at, vehicle_count, net_file, route_file, description)
- trips (simulation_id, trip_id, duration, routeLength, waitingTime, timeLoss, depart, arrival, ...)
- edge_metrics (simulation_id, edge_id, interval_begin, interval_end, speed, density, waitingTime, timeLoss, ...)

Key columns:
- simulations.description: ""A0A1 edge removed"" format (identifies which edge was removed in each simulation)
- edge_metrics.density: road density (higher = more congested)
- edge_metrics.edge_id: edge ID (e.g., A0A1, B2C2)

SQL queries must start with SELECT. Do NOT use WITH clauses (CTEs) - rewrite them as subqueries instead.

Output format (exactly 2 lines):
1. ANSWER: <your answer>
2. REASONING: <2 sentences explaining your reasoning>

Search Strategy: EXHAUSTIVE (all training data)

Use all available edge removal scenarios without spatial filtering.
Example: Query all 176 training simulations to find density increase patterns.

Query all edge removal scenarios from the training DB.

If the G2H2 edge is removed from the 11x11 grid network, which column (A-K) or row (0-10) contains the edge with the largest density INCREASE compared to baseline?

Use the training DB to find similar scenarios. Answer with only one letter (A-K) or number (0-10).","Excellent! The pattern is very clear now. When D2E2 is removed, D3E3 (directly below it in row 3) has the largest increase. When F2G2 is removed, F3G3 (directly below it in row 3) has the largest increase.

By extension, when G2H2 is removed, **G3H3** (directly below it in row 3) should have the largest density increase.

G3H3 is in **row 3**.

ANSWER: 3

REASONING: Analysis of similar horizontal edge removals in row 2 shows a consistent pattern where the edge directly below the removed edge (in row 3) experiences the largest density increase. When F2G2 was removed, F3G3 had the largest increase (0.16), and when D2E2 was removed, D3E3 had the largest increase (0.30).",3,G
G3G4,"You must use the training DB to infer the answer for this UNSEEN scenario.
This specific edge removal simulation does NOT exist in the DB - you must reason from similar cases.

DB Schema:
- simulations (simulation_id, created_at, vehicle_count, net_file, route_file, description)
- trips (simulation_id, trip_id, duration, routeLength, waitingTime, timeLoss, depart, arrival, ...)
- edge_metrics (simulation_id, edge_id, interval_begin, interval_end, speed, density, waitingTime, timeLoss, ...)

Key columns:
- simulations.description: ""A0A1 edge removed"" format (identifies which edge was removed in each simulation)
- edge_metrics.density: road density (higher = more congested)
- edge_metrics.edge_id: edge ID (e.g., A0A1, B2C2)

SQL queries must start with SELECT. Do NOT use WITH clauses (CTEs) - rewrite them as subqueries instead.

Output format (exactly 2 lines):
1. ANSWER: <your answer>
2. REASONING: <2 sentences explaining your reasoning>

Search Strategy: EXHAUSTIVE (all training data)

Use all available edge removal scenarios without spatial filtering.
Example: Query all 176 training simulations to find density increase patterns.

Query all edge removal scenarios from the training DB.

If the G3G4 edge is removed from the 11x11 grid network, which column (A-K) or row (0-10) contains the edge with the largest density INCREASE compared to baseline?

Use the training DB to find similar scenarios. Answer with only one letter (A-K) or number (0-10).","Great! When E3E4 is removed, the largest increase is on F4F3 (column F). The pattern shows that when a vertical edge in column X is removed, an adjacent column often gets the largest density increase. 

Since G3G4 would be removed, let me see if column F shows the highest increases. Let me compile what I've found:
- H3H4 removed → G5G4 (column G) has largest increase
- G4G5 removed → G4F4 (row 4) has largest increase  
- E3E4 removed → F4F3 (column F) has largest increase

The pattern suggests that for G3G4 removal, column F might see the largest density increase. Let me verify by looking at what column/row each top edge belongs to:

ANSWER: F

REASONING: Analysis of similar vertical edge removals in the middle region (E3E4, H3H4, G2G3, G4G5) shows that when a vertical edge is removed, the adjacent parallel edges in neighboring columns experience the largest density increases as traffic reroutes. When E3E4 was removed, column F (specifically F4F3) had the largest density increase of 0.28, and when H3H4 was removed, column G (G5G4) had the largest increase of 0.14, suggesting that removing G3G4 would cause the largest density increase in column F.",F,F
G5H5,"You must use the training DB to infer the answer for this UNSEEN scenario.
This specific edge removal simulation does NOT exist in the DB - you must reason from similar cases.

DB Schema:
- simulations (simulation_id, created_at, vehicle_count, net_file, route_file, description)
- trips (simulation_id, trip_id, duration, routeLength, waitingTime, timeLoss, depart, arrival, ...)
- edge_metrics (simulation_id, edge_id, interval_begin, interval_end, speed, density, waitingTime, timeLoss, ...)

Key columns:
- simulations.description: ""A0A1 edge removed"" format (identifies which edge was removed in each simulation)
- edge_metrics.density: road density (higher = more congested)
- edge_metrics.edge_id: edge ID (e.g., A0A1, B2C2)

SQL queries must start with SELECT. Do NOT use WITH clauses (CTEs) - rewrite them as subqueries instead.

Output format (exactly 2 lines):
1. ANSWER: <your answer>
2. REASONING: <2 sentences explaining your reasoning>

Search Strategy: EXHAUSTIVE (all training data)

Use all available edge removal scenarios without spatial filtering.
Example: Query all 176 training simulations to find density increase patterns.

Query all edge removal scenarios from the training DB.

If the G5H5 edge is removed from the 11x11 grid network, which column (A-K) or row (0-10) contains the edge with the largest density INCREASE compared to baseline?

Use the training DB to find similar scenarios. Answer with only one letter (A-K) or number (0-10).","Excellent! Row **6** shows the highest total density increase for F5G5 removal. This pattern makes sense because when horizontal edges are removed at row 5, traffic gets rerouted and creates congestion at adjacent rows.

Given that:
- G5H5 is between F5G5 and H5I5
- When F5G5 is removed, column G shows highest increase (1.66) and row 6 shows highest increase (1.87)
- When H5I5 is removed, column H shows highest increase (0.80) and row 6 still shows high increase (1.40)

For G5H5 removal, I would expect the impact to be centered between these two scenarios. Looking at the data:
- Column G had the biggest increase for F5G5 removal
- Row 6 had the biggest increase for both scenarios

Since both similar scenarios point to **row 6** as having the largest density increases (and G5H5 is at row 5, so row 6 is adjacent), I believe row 6 will contain the edges with the largest density increase.

ANSWER: 6

REASONING: When analyzing adjacent horizontal edge removals (F5G5 and H5I5) at row 5, row 6 consistently showed the highest total density increases (1.87 and 1.40 respectively), significantly more than row 5 itself or other rows. When G5H5 is removed, traffic will similarly reroute to adjacent parallel paths, with row 6 absorbing the most diverted traffic.",6,6
G6H6,"You must use the training DB to infer the answer for this UNSEEN scenario.
This specific edge removal simulation does NOT exist in the DB - you must reason from similar cases.

DB Schema:
- simulations (simulation_id, created_at, vehicle_count, net_file, route_file, description)
- trips (simulation_id, trip_id, duration, routeLength, waitingTime, timeLoss, depart, arrival, ...)
- edge_metrics (simulation_id, edge_id, interval_begin, interval_end, speed, density, waitingTime, timeLoss, ...)

Key columns:
- simulations.description: ""A0A1 edge removed"" format (identifies which edge was removed in each simulation)
- edge_metrics.density: road density (higher = more congested)
- edge_metrics.edge_id: edge ID (e.g., A0A1, B2C2)

SQL queries must start with SELECT. Do NOT use WITH clauses (CTEs) - rewrite them as subqueries instead.

Output format (exactly 2 lines):
1. ANSWER: <your answer>
2. REASONING: <2 sentences explaining your reasoning>

Search Strategy: EXHAUSTIVE (all training data)

Use all available edge removal scenarios without spatial filtering.
Example: Query all 176 training simulations to find density increase patterns.

Query all edge removal scenarios from the training DB.

If the G6H6 edge is removed from the 11x11 grid network, which column (A-K) or row (0-10) contains the edge with the largest density INCREASE compared to baseline?

Use the training DB to find similar scenarios. Answer with only one letter (A-K) or number (0-10).","Based on the analysis of similar horizontal edge removals in row 6 (F6G6, H6I6, E6F6), the pattern is clear: removing a horizontal edge causes the largest density increase in the starting column of the edge. For G6H6, the starting node is G6, which is in column G.

**ANSWER: G**

**REASONING:** Analysis of similar horizontal edge removals in row 6 (F6G6, H6I6, E6F6) shows that the starting column of the removed edge experiences the largest cumulative density increase. For G6H6 edge removal, column G (the starting node) would have the highest density increase with approximately 1.63 total increase based on the F6G6 pattern.",G,7
G7H7,"You must use the training DB to infer the answer for this UNSEEN scenario.
This specific edge removal simulation does NOT exist in the DB - you must reason from similar cases.

DB Schema:
- simulations (simulation_id, created_at, vehicle_count, net_file, route_file, description)
- trips (simulation_id, trip_id, duration, routeLength, waitingTime, timeLoss, depart, arrival, ...)
- edge_metrics (simulation_id, edge_id, interval_begin, interval_end, speed, density, waitingTime, timeLoss, ...)

Key columns:
- simulations.description: ""A0A1 edge removed"" format (identifies which edge was removed in each simulation)
- edge_metrics.density: road density (higher = more congested)
- edge_metrics.edge_id: edge ID (e.g., A0A1, B2C2)

SQL queries must start with SELECT. Do NOT use WITH clauses (CTEs) - rewrite them as subqueries instead.

Output format (exactly 2 lines):
1. ANSWER: <your answer>
2. REASONING: <2 sentences explaining your reasoning>

Search Strategy: EXHAUSTIVE (all training data)

Use all available edge removal scenarios without spatial filtering.
Example: Query all 176 training simulations to find density increase patterns.

Query all edge removal scenarios from the training DB.

If the G7H7 edge is removed from the 11x11 grid network, which column (A-K) or row (0-10) contains the edge with the largest density INCREASE compared to baseline?

Use the training DB to find similar scenarios. Answer with only one letter (A-K) or number (0-10).","Based on the clear pattern from similar scenarios:
- When horizontal edges in row 7 are removed (like E7F7, D7E7), the highest density increases occur in **row 6**
- Specifically, edges near or between the removed edge's columns show the highest increases
- For G7H7 removal, this points to row **6** as containing the edge with the largest density increase

**ANSWER: 6**

**REASONING: Analysis of similar horizontal edge removals in row 7 (E7F7, D7E7, H7I7) consistently shows that edges in row 6 experience the largest density increases. When G7H7 is removed, traffic reroutes through parallel paths, causing maximum congestion in the adjacent row 6 edges near columns G-H.**",6,6
H0H1,"You must use the training DB to infer the answer for this UNSEEN scenario.
This specific edge removal simulation does NOT exist in the DB - you must reason from similar cases.

DB Schema:
- simulations (simulation_id, created_at, vehicle_count, net_file, route_file, description)
- trips (simulation_id, trip_id, duration, routeLength, waitingTime, timeLoss, depart, arrival, ...)
- edge_metrics (simulation_id, edge_id, interval_begin, interval_end, speed, density, waitingTime, timeLoss, ...)

Key columns:
- simulations.description: ""A0A1 edge removed"" format (identifies which edge was removed in each simulation)
- edge_metrics.density: road density (higher = more congested)
- edge_metrics.edge_id: edge ID (e.g., A0A1, B2C2)

SQL queries must start with SELECT. Do NOT use WITH clauses (CTEs) - rewrite them as subqueries instead.

Output format (exactly 2 lines):
1. ANSWER: <your answer>
2. REASONING: <2 sentences explaining your reasoning>

Search Strategy: EXHAUSTIVE (all training data)

Use all available edge removal scenarios without spatial filtering.
Example: Query all 176 training simulations to find density increase patterns.

Query all edge removal scenarios from the training DB.

If the H0H1 edge is removed from the 11x11 grid network, which column (A-K) or row (0-10) contains the edge with the largest density INCREASE compared to baseline?

Use the training DB to find similar scenarios. Answer with only one letter (A-K) or number (0-10).","F0F1 removed → G1G0 (column G) is highest!

So the pattern is:
- F0F1 removed → G highest  
- G0G1 removed → E/F highest
- I0I1 removed → F/H highest

For H0H1, which is between G and I, the pattern suggests **column F or G** would show the highest increase. Given that both G0G1→E/F and I0I1→F/H point to **F**, and F0F1→G shows a strong relationship with adjacent columns, I believe the answer is **F**.

ANSWER: F

REASONING: Analyzing similar vertical edge removals at row 0-1 in the training data shows that when neighboring columns G0G1 and I0I1 are removed, column F consistently shows among the highest density increases. When F0F1 is removed, column G shows the highest increase, suggesting reciprocal traffic rerouting patterns between these middle columns.",F,G
H2I2,"You must use the training DB to infer the answer for this UNSEEN scenario.
This specific edge removal simulation does NOT exist in the DB - you must reason from similar cases.

DB Schema:
- simulations (simulation_id, created_at, vehicle_count, net_file, route_file, description)
- trips (simulation_id, trip_id, duration, routeLength, waitingTime, timeLoss, depart, arrival, ...)
- edge_metrics (simulation_id, edge_id, interval_begin, interval_end, speed, density, waitingTime, timeLoss, ...)

Key columns:
- simulations.description: ""A0A1 edge removed"" format (identifies which edge was removed in each simulation)
- edge_metrics.density: road density (higher = more congested)
- edge_metrics.edge_id: edge ID (e.g., A0A1, B2C2)

SQL queries must start with SELECT. Do NOT use WITH clauses (CTEs) - rewrite them as subqueries instead.

Output format (exactly 2 lines):
1. ANSWER: <your answer>
2. REASONING: <2 sentences explaining your reasoning>

Search Strategy: EXHAUSTIVE (all training data)

Use all available edge removal scenarios without spatial filtering.
Example: Query all 176 training simulations to find density increase patterns.

Query all edge removal scenarios from the training DB.

If the H2I2 edge is removed from the 11x11 grid network, which column (A-K) or row (0-10) contains the edge with the largest density INCREASE compared to baseline?

Use the training DB to find similar scenarios. Answer with only one letter (A-K) or number (0-10).","Perfect! The pattern is clear:
- C2D2 removed → Column C has highest increase  
- D2E2 removed → Column D has highest increase
- E2F2 removed → Column E has highest increase
- F2G2 removed → Column F has highest increase
- I2J2 removed → Column I has highest increase

Therefore, for **H2I2 removed**, column **H** should have the largest density increase.

ANSWER: H
REASONING: Analysis of similar horizontal row-2 edge removals shows that when edge XY is removed, column X (the first node) consistently experiences the largest density increase. When H2I2 is removed, column H should have the highest density increase following this pattern observed in C2D2, D2E2, E2F2, F2G2, and I2J2 removal scenarios.",H,H
I0J0,"You must use the training DB to infer the answer for this UNSEEN scenario.
This specific edge removal simulation does NOT exist in the DB - you must reason from similar cases.

DB Schema:
- simulations (simulation_id, created_at, vehicle_count, net_file, route_file, description)
- trips (simulation_id, trip_id, duration, routeLength, waitingTime, timeLoss, depart, arrival, ...)
- edge_metrics (simulation_id, edge_id, interval_begin, interval_end, speed, density, waitingTime, timeLoss, ...)

Key columns:
- simulations.description: ""A0A1 edge removed"" format (identifies which edge was removed in each simulation)
- edge_metrics.density: road density (higher = more congested)
- edge_metrics.edge_id: edge ID (e.g., A0A1, B2C2)

SQL queries must start with SELECT. Do NOT use WITH clauses (CTEs) - rewrite them as subqueries instead.

Output format (exactly 2 lines):
1. ANSWER: <your answer>
2. REASONING: <2 sentences explaining your reasoning>

Search Strategy: EXHAUSTIVE (all training data)

Use all available edge removal scenarios without spatial filtering.
Example: Query all 176 training simulations to find density increase patterns.

Query all edge removal scenarios from the training DB.

If the I0J0 edge is removed from the 11x11 grid network, which column (A-K) or row (0-10) contains the edge with the largest density INCREASE compared to baseline?

Use the training DB to find similar scenarios. Answer with only one letter (A-K) or number (0-10).","Based on all the analysis, when looking at horizontal edge removals at row 0, the pattern is clear:
- **F0G0 removed** → Column **F** (source) shows highest total increase
- **H0I0 removed** → Column **H** (source) shows highest total increase

Following this pattern, when **I0J0 is removed**, column **I** should show the largest density increase.

ANSWER: I

REASONING: Analysis of similar horizontal edge removals at row 0 shows that when an edge connecting two nodes is removed, the source column (first node) experiences the largest total density increase. When F0G0 was removed, column F increased most (0.64); when H0I0 was removed, column H increased most (0.36). Therefore, when I0J0 is removed, column I should show the largest density increase.",I,0
I10I9,"You must use the training DB to infer the answer for this UNSEEN scenario.
This specific edge removal simulation does NOT exist in the DB - you must reason from similar cases.

DB Schema:
- simulations (simulation_id, created_at, vehicle_count, net_file, route_file, description)
- trips (simulation_id, trip_id, duration, routeLength, waitingTime, timeLoss, depart, arrival, ...)
- edge_metrics (simulation_id, edge_id, interval_begin, interval_end, speed, density, waitingTime, timeLoss, ...)

Key columns:
- simulations.description: ""A0A1 edge removed"" format (identifies which edge was removed in each simulation)
- edge_metrics.density: road density (higher = more congested)
- edge_metrics.edge_id: edge ID (e.g., A0A1, B2C2)

SQL queries must start with SELECT. Do NOT use WITH clauses (CTEs) - rewrite them as subqueries instead.

Output format (exactly 2 lines):
1. ANSWER: <your answer>
2. REASONING: <2 sentences explaining your reasoning>

Search Strategy: EXHAUSTIVE (all training data)

Use all available edge removal scenarios without spatial filtering.
Example: Query all 176 training simulations to find density increase patterns.

Query all edge removal scenarios from the training DB.

If the I10I9 edge is removed from the 11x11 grid network, which column (A-K) or row (0-10) contains the edge with the largest density INCREASE compared to baseline?

Use the training DB to find similar scenarios. Answer with only one letter (A-K) or number (0-10).","Perfect! Row 8 shows the largest total density increase when edges near I9-I10 are removed. This makes sense - when I10I9 (or similar edges connecting rows 10 and 9) are removed, traffic is rerouted and creates congestion in the parallel routes, especially on row 8.

Based on all the analysis:
- When vertical edges near I10I9 are removed (like I7I8, I6I7, I5I6), the largest density increases are typically in column I
- When horizontal edges near I9-I10 are removed (like H9I9, I9J9), the largest density increases are in row 8
- Row 8 consistently shows the highest total density increases across multiple related scenarios

ANSWER: 8

REASONING: Analysis of similar edge removal scenarios (H9I9, I9J9, J10J9, and vertical edges in column I) shows that row 8 consistently experiences the largest density increases when edges near the I9-I10 junction are removed. Row 8 had a total density increase of 0.97 across related scenarios, significantly higher than any other row or column.",8,5
I2I3,"You must use the training DB to infer the answer for this UNSEEN scenario.
This specific edge removal simulation does NOT exist in the DB - you must reason from similar cases.

DB Schema:
- simulations (simulation_id, created_at, vehicle_count, net_file, route_file, description)
- trips (simulation_id, trip_id, duration, routeLength, waitingTime, timeLoss, depart, arrival, ...)
- edge_metrics (simulation_id, edge_id, interval_begin, interval_end, speed, density, waitingTime, timeLoss, ...)

Key columns:
- simulations.description: ""A0A1 edge removed"" format (identifies which edge was removed in each simulation)
- edge_metrics.density: road density (higher = more congested)
- edge_metrics.edge_id: edge ID (e.g., A0A1, B2C2)

SQL queries must start with SELECT. Do NOT use WITH clauses (CTEs) - rewrite them as subqueries instead.

Output format (exactly 2 lines):
1. ANSWER: <your answer>
2. REASONING: <2 sentences explaining your reasoning>

Search Strategy: EXHAUSTIVE (all training data)

Use all available edge removal scenarios without spatial filtering.
Example: Query all 176 training simulations to find density increase patterns.

Query all edge removal scenarios from the training DB.

If the I2I3 edge is removed from the 11x11 grid network, which column (A-K) or row (0-10) contains the edge with the largest density INCREASE compared to baseline?

Use the training DB to find similar scenarios. Answer with only one letter (A-K) or number (0-10).","Excellent! The pattern is clear - when removing edges in column I (both I1I2 and I3I4), column H consistently shows the highest density increase. This makes sense as traffic reroutes to the adjacent parallel column.

Since I2I3 is also a vertical edge in column I (between rows 2 and 3), the same pattern should apply.

ANSWER: H

REASONING: Analysis of similar column I edge removals (I1I2 and I3I4) shows that column H consistently experiences the largest total density increase (0.98 and 1.70 respectively). When a vertical edge in column I is removed, traffic reroutes primarily to the adjacent parallel column H, causing the highest congestion increase there.",H,2
I4J4,"You must use the training DB to infer the answer for this UNSEEN scenario.
This specific edge removal simulation does NOT exist in the DB - you must reason from similar cases.

DB Schema:
- simulations (simulation_id, created_at, vehicle_count, net_file, route_file, description)
- trips (simulation_id, trip_id, duration, routeLength, waitingTime, timeLoss, depart, arrival, ...)
- edge_metrics (simulation_id, edge_id, interval_begin, interval_end, speed, density, waitingTime, timeLoss, ...)

Key columns:
- simulations.description: ""A0A1 edge removed"" format (identifies which edge was removed in each simulation)
- edge_metrics.density: road density (higher = more congested)
- edge_metrics.edge_id: edge ID (e.g., A0A1, B2C2)

SQL queries must start with SELECT. Do NOT use WITH clauses (CTEs) - rewrite them as subqueries instead.

Output format (exactly 2 lines):
1. ANSWER: <your answer>
2. REASONING: <2 sentences explaining your reasoning>

Search Strategy: EXHAUSTIVE (all training data)

Use all available edge removal scenarios without spatial filtering.
Example: Query all 176 training simulations to find density increase patterns.

Query all edge removal scenarios from the training DB.

If the I4J4 edge is removed from the 11x11 grid network, which column (A-K) or row (0-10) contains the edge with the largest density INCREASE compared to baseline?

Use the training DB to find similar scenarios. Answer with only one letter (A-K) or number (0-10).","For I3J3 removal, column I shows the highest total density increase for edges containing ""4"" (0.17), followed by H (0.16) and G (0.12), while J is much lower (0.04).

Based on the patterns I've observed across multiple IxJx horizontal edge removals in the middle region of the grid (rows 2-6), column I consistently shows the largest or one of the largest density increases. For I4J4 removal, following this pattern, column **I** would have the largest density increase.

ANSWER: I

REASONING: Analysis of similar horizontal edge removals between columns I and J (I2J2, I3J3, I5J5, I6J6) shows that column I consistently experiences the largest or second-largest density increases. When I3J3 (adjacent to I4J4) is removed, column I shows the highest total density increase (0.27) in row 4 edges and overall columns.",I,0
I8I9,"You must use the training DB to infer the answer for this UNSEEN scenario.
This specific edge removal simulation does NOT exist in the DB - you must reason from similar cases.

DB Schema:
- simulations (simulation_id, created_at, vehicle_count, net_file, route_file, description)
- trips (simulation_id, trip_id, duration, routeLength, waitingTime, timeLoss, depart, arrival, ...)
- edge_metrics (simulation_id, edge_id, interval_begin, interval_end, speed, density, waitingTime, timeLoss, ...)

Key columns:
- simulations.description: ""A0A1 edge removed"" format (identifies which edge was removed in each simulation)
- edge_metrics.density: road density (higher = more congested)
- edge_metrics.edge_id: edge ID (e.g., A0A1, B2C2)

SQL queries must start with SELECT. Do NOT use WITH clauses (CTEs) - rewrite them as subqueries instead.

Output format (exactly 2 lines):
1. ANSWER: <your answer>
2. REASONING: <2 sentences explaining your reasoning>

Search Strategy: EXHAUSTIVE (all training data)

Use all available edge removal scenarios without spatial filtering.
Example: Query all 176 training simulations to find density increase patterns.

Query all edge removal scenarios from the training DB.

If the I8I9 edge is removed from the 11x11 grid network, which column (A-K) or row (0-10) contains the edge with the largest density INCREASE compared to baseline?

Use the training DB to find similar scenarios. Answer with only one letter (A-K) or number (0-10).","For I7I8 removal (similar to I8I9), row 8 has the largest total density increase (2.06) compared to any column. Based on the pattern from the similar edge removal I7I8, the answer should be row **8**.

ANSWER: 8

REASONING: When edge I7I8 (adjacent to I8I9) is removed, row 8 shows a density increase of 2.06, the highest among all rows and columns. This pattern indicates that removing a vertical edge like I8I9 causes the most significant traffic rerouting along the perpendicular row 8.",8,H
J0J1,"You must use the training DB to infer the answer for this UNSEEN scenario.
This specific edge removal simulation does NOT exist in the DB - you must reason from similar cases.

DB Schema:
- simulations (simulation_id, created_at, vehicle_count, net_file, route_file, description)
- trips (simulation_id, trip_id, duration, routeLength, waitingTime, timeLoss, depart, arrival, ...)
- edge_metrics (simulation_id, edge_id, interval_begin, interval_end, speed, density, waitingTime, timeLoss, ...)

Key columns:
- simulations.description: ""A0A1 edge removed"" format (identifies which edge was removed in each simulation)
- edge_metrics.density: road density (higher = more congested)
- edge_metrics.edge_id: edge ID (e.g., A0A1, B2C2)

SQL queries must start with SELECT. Do NOT use WITH clauses (CTEs) - rewrite them as subqueries instead.

Output format (exactly 2 lines):
1. ANSWER: <your answer>
2. REASONING: <2 sentences explaining your reasoning>

Search Strategy: EXHAUSTIVE (all training data)

Use all available edge removal scenarios without spatial filtering.
Example: Query all 176 training simulations to find density increase patterns.

Query all edge removal scenarios from the training DB.

If the J0J1 edge is removed from the 11x11 grid network, which column (A-K) or row (0-10) contains the edge with the largest density INCREASE compared to baseline?

Use the training DB to find similar scenarios. Answer with only one letter (A-K) or number (0-10).","H0H1 doesn't exist in training data. Let me finalize the analysis. Based on the strong pattern shown across multiple similar simulations where vertical edges near J (columns H-K, rows 0-2) are removed, **ROW 1** consistently contains edges with the largest density increases.

ANSWER: 1

REASONING: Analysis of similar edge removal scenarios (I0I1, J1J2, K0K1, K1K2) shows that edges involving row 1 consistently have the largest density increases, with D1E1, H1H2, and G1H1 showing the highest cumulative increases across multiple simulations. When vertical edges near column J at the top rows are removed, traffic detours through row 1, making it the most congested.",1,D
J2K2,"You must use the training DB to infer the answer for this UNSEEN scenario.
This specific edge removal simulation does NOT exist in the DB - you must reason from similar cases.

DB Schema:
- simulations (simulation_id, created_at, vehicle_count, net_file, route_file, description)
- trips (simulation_id, trip_id, duration, routeLength, waitingTime, timeLoss, depart, arrival, ...)
- edge_metrics (simulation_id, edge_id, interval_begin, interval_end, speed, density, waitingTime, timeLoss, ...)

Key columns:
- simulations.description: ""A0A1 edge removed"" format (identifies which edge was removed in each simulation)
- edge_metrics.density: road density (higher = more congested)
- edge_metrics.edge_id: edge ID (e.g., A0A1, B2C2)

SQL queries must start with SELECT. Do NOT use WITH clauses (CTEs) - rewrite them as subqueries instead.

Output format (exactly 2 lines):
1. ANSWER: <your answer>
2. REASONING: <2 sentences explaining your reasoning>

Search Strategy: EXHAUSTIVE (all training data)

Use all available edge removal scenarios without spatial filtering.
Example: Query all 176 training simulations to find density increase patterns.

Query all edge removal scenarios from the training DB.

If the J2K2 edge is removed from the 11x11 grid network, which column (A-K) or row (0-10) contains the edge with the largest density INCREASE compared to baseline?

Use the training DB to find similar scenarios. Answer with only one letter (A-K) or number (0-10).","Column J edges showing highest increases:
1. J4J5 (rows 4-5) - 0.14 average
2. J0J1 (rows 0-1) - 0.11
3. J2J3 (rows 2-3) - 0.11
4. J4I4 (row 4, columns I-J) - 0.105
5. J1J2 (rows 1-2) - 0.10

Column **J** consistently shows the highest impacts, particularly around rows 4-5 and row 2 connections. Given that J2K2 would be removed, the prediction points strongly to column **J**.

ANSWER: J

REASONING: Analysis of 9 similar horizontal edge removals between columns J and K (J0K0, J1K1, J3K3, J4K4, J5K5, J7K7, J8K8, J9K9, J10K10) shows that column J consistently has the highest average density increase (0.0815), with J4J5, J1J2, and J2J3 being among the most affected edges. When horizontal edges connecting J to K are removed, traffic reroutes through column J, creating the largest density increases there.",J,1
J6K6,"You must use the training DB to infer the answer for this UNSEEN scenario.
This specific edge removal simulation does NOT exist in the DB - you must reason from similar cases.

DB Schema:
- simulations (simulation_id, created_at, vehicle_count, net_file, route_file, description)
- trips (simulation_id, trip_id, duration, routeLength, waitingTime, timeLoss, depart, arrival, ...)
- edge_metrics (simulation_id, edge_id, interval_begin, interval_end, speed, density, waitingTime, timeLoss, ...)

Key columns:
- simulations.description: ""A0A1 edge removed"" format (identifies which edge was removed in each simulation)
- edge_metrics.density: road density (higher = more congested)
- edge_metrics.edge_id: edge ID (e.g., A0A1, B2C2)

SQL queries must start with SELECT. Do NOT use WITH clauses (CTEs) - rewrite them as subqueries instead.

Output format (exactly 2 lines):
1. ANSWER: <your answer>
2. REASONING: <2 sentences explaining your reasoning>

Search Strategy: EXHAUSTIVE (all training data)

Use all available edge removal scenarios without spatial filtering.
Example: Query all 176 training simulations to find density increase patterns.

Query all edge removal scenarios from the training DB.

If the J6K6 edge is removed from the 11x11 grid network, which column (A-K) or row (0-10) contains the edge with the largest density INCREASE compared to baseline?

Use the training DB to find similar scenarios. Answer with only one letter (A-K) or number (0-10).","When H6I6 is removed, F6F7 shows the largest increase on row 6. The pattern suggests that removing horizontal edges on row 6 in the I-J-K area causes traffic to reroute through row 6 edges further to the left (F, G, H areas).

Based on all the patterns, when J6K6 is removed, I expect **row 6** to have the largest density increases, particularly in the F-G-H area of row 6.

ANSWER: 6

REASONING: When horizontal edges near J6K6 are removed (such as I6J6 or H6I6), the largest density increases consistently occur on row 6, particularly on edges like F6G6 and F6F7. This indicates that traffic reroutes along row 6 when edges in the J-K area at row 6 are blocked, making row 6 the most impacted.",6,7
K10K9,"You must use the training DB to infer the answer for this UNSEEN scenario.
This specific edge removal simulation does NOT exist in the DB - you must reason from similar cases.

DB Schema:
- simulations (simulation_id, created_at, vehicle_count, net_file, route_file, description)
- trips (simulation_id, trip_id, duration, routeLength, waitingTime, timeLoss, depart, arrival, ...)
- edge_metrics (simulation_id, edge_id, interval_begin, interval_end, speed, density, waitingTime, timeLoss, ...)

Key columns:
- simulations.description: ""A0A1 edge removed"" format (identifies which edge was removed in each simulation)
- edge_metrics.density: road density (higher = more congested)
- edge_metrics.edge_id: edge ID (e.g., A0A1, B2C2)

SQL queries must start with SELECT. Do NOT use WITH clauses (CTEs) - rewrite them as subqueries instead.

Output format (exactly 2 lines):
1. ANSWER: <your answer>
2. REASONING: <2 sentences explaining your reasoning>

Search Strategy: EXHAUSTIVE (all training data)

Use all available edge removal scenarios without spatial filtering.
Example: Query all 176 training simulations to find density increase patterns.

Query all edge removal scenarios from the training DB.

If the K10K9 edge is removed from the 11x11 grid network, which column (A-K) or row (0-10) contains the edge with the largest density INCREASE compared to baseline?

Use the training DB to find similar scenarios. Answer with only one letter (A-K) or number (0-10).","H9I9 removal: H8I8, G8H8, E8F8 (all row 8!) - very clear pattern.

Based on the analysis of multiple edge removals near K10K9:
- K8K9 removal → row 8 (J8K8: 0.17)
- K7K8 removal → row 8 (J8K8: 0.22)
- I9J9 removal → row 8 (H8I8: 0.21)
- H9I9 removal → row 8 (H8I8: 0.26)
- J9K9 removal → row 7 (D7C7: 0.14) but also row 8 edges affected

The overwhelming pattern is **row 8** shows the largest density increases when edges in the lower-right area (rows 7-9, columns H-K) are removed.

ANSWER: 8

REASONING: Analysis of similar edge removals in column K (K8K9, K7K8) and row 9 (I9J9, H9I9, J9K9) consistently shows that edges in row 8 experience the largest density increases, with values ranging from 0.17 to 0.26. This pattern strongly suggests that removing K10K9 would similarly cause the highest density increase in row 8.",8,F
K5K6,"You must use the training DB to infer the answer for this UNSEEN scenario.
This specific edge removal simulation does NOT exist in the DB - you must reason from similar cases.

DB Schema:
- simulations (simulation_id, created_at, vehicle_count, net_file, route_file, description)
- trips (simulation_id, trip_id, duration, routeLength, waitingTime, timeLoss, depart, arrival, ...)
- edge_metrics (simulation_id, edge_id, interval_begin, interval_end, speed, density, waitingTime, timeLoss, ...)

Key columns:
- simulations.description: ""A0A1 edge removed"" format (identifies which edge was removed in each simulation)
- edge_metrics.density: road density (higher = more congested)
- edge_metrics.edge_id: edge ID (e.g., A0A1, B2C2)

SQL queries must start with SELECT. Do NOT use WITH clauses (CTEs) - rewrite them as subqueries instead.

Output format (exactly 2 lines):
1. ANSWER: <your answer>
2. REASONING: <2 sentences explaining your reasoning>

Search Strategy: EXHAUSTIVE (all training data)

Use all available edge removal scenarios without spatial filtering.
Example: Query all 176 training simulations to find density increase patterns.

Query all edge removal scenarios from the training DB.

If the K5K6 edge is removed from the 11x11 grid network, which column (A-K) or row (0-10) contains the edge with the largest density INCREASE compared to baseline?

Use the training DB to find similar scenarios. Answer with only one letter (A-K) or number (0-10).","Based on the patterns I've observed from the successful queries:

- **J5J6 removal** (adjacent to K5K6): Largest density increase is **I5I4** (in **row 5**) with 0.50 increase
- **K4K5 removal** (adjacent above): Largest is **I5H5** (in **row 5**) with 0.23 increase  
- **K6K7 removal** (adjacent below): Largest is **I5I4** (in **row 5**) with 0.14 increase
- **I5I6 removal**: Largest is I6H6 (in **row 6**) with 0.32 increase
- Other *5*6 edge removals consistently show high density increases in **row 5** edges

The consistent pattern is that removing vertical edges near row 5-6 causes the largest density increases in **row 5** (specifically edges like I5I4, I5H5, etc.). This makes sense as traffic reroutes horizontally along row 5 when vertical connections are blocked.

ANSWER: 5

REASONING: Analyzing similar edge removal scenarios (J5J6, K4K5, K6K7, and other vertical edges at rows 5-6) shows that row 5 consistently experiences the largest density increases, with edges like I5I4 and I5H5 showing increases of 0.23 to 0.50. Traffic reroutes horizontally along row 5 when nearby vertical edges are removed.",5,6
